Date,Open,High,Low,Close,5SMA,10SMA,20SMA,RSI,MACD,Signal
20200301 00:00:00,8523.61000000,8965.75000000,8411.00000000,8760.07000000,,,,,,
20200304 00:00:00,8760.07000000,9170.00000000,8660.00000000,9131.88000000,,,,,,
20200307 00:00:00,9130.89000000,9188.00000000,7632.01000000,7929.87000000,,,,,,
20200310 00:00:00,7929.87000000,8149.00000000,4410.00000000,4800.00000000,,,,,,
20200313 00:00:00,4800.01000000,5955.00000000,3782.13000000,5361.30000000,7196.62400000,,,,,
20200316 00:00:00,5360.33000000,5525.00000000,4442.12000000,5393.04000000,6523.21800000,,,,,
20200319 00:00:00,5393.26000000,6900.00000000,5252.53000000,6186.98000000,5934.23800000,,,,,
20200322 00:00:00,6187.04000000,6833.00000000,5688.00000000,6744.72000000,5697.20800000,,,,,
20200325 00:00:00,6744.69000000,6957.96000000,6261.00000000,6359.11000000,6009.03000000,,,,,
20200328 00:00:00,6359.11000000,6599.00000000,5857.76000000,6394.38000000,6215.64600000,6706.13500000,,,,
20200331 00:00:00,6394.45000000,7198.00000000,6150.11000000,6794.09000000,6495.85600000,6509.53700000,,,,
20200403 00:00:00,6793.86000000,7048.00000000,6602.10000000,6772.78000000,6613.01600000,6273.62700000,,,,
20200406 00:00:00,6772.78000000,7459.69000000,6765.00000000,7361.28000000,6736.32800000,6216.76800000,,,,
20200409 00:00:00,7360.26000000,7371.92000000,6739.98000000,6876.83000000,6839.87200000,6424.45100000,,39.00395410,,
20200412 00:00:00,6876.84000000,7177.00000000,6575.00000000,6868.70000000,6934.73600000,6575.19100000,,38.96695868,,
20200415 00:00:00,6868.57000000,7190.00000000,6468.27000000,7027.55000000,6981.42800000,6738.64200000,,37.41193023,,
20200418 00:00:00,7026.78000000,7293.08000000,6751.00000000,6826.83000000,6992.23800000,6802.62700000,,42.50360874,,
20200421 00:00:00,6828.98000000,7738.00000000,6762.00000000,7482.39000000,7016.46000000,6876.39400000,,77.46757516,,
20200424 00:00:00,7483.96000000,7705.00000000,7388.00000000,7693.10000000,7179.71400000,7009.79300000,,75.72458652,,
20200427 00:00:00,7693.10000000,8952.89000000,7606.00000000,8778.57000000,7561.68800000,7248.21200000,6977.17350000,80.30386844,,
20200430 00:00:00,8778.58000000,9460.00000000,8401.00000000,8972.05000000,7950.58800000,7466.00800000,6987.77250000,77.93164591,,
20200503 00:00:00,8972.58000000,9200.00000000,8522.00000000,9021.83000000,8389.58800000,7690.91300000,6982.27000000,75.42808009,,
20200506 00:00:00,9021.36000000,10067.00000000,8906.21000000,9800.01000000,8853.11200000,7934.78600000,7075.77700000,85.32664493,,
20200509 00:00:00,9800.02000000,9914.25000000,8117.00000000,8561.52000000,9026.79600000,8103.25500000,7263.85300000,67.84141840,,
20200512 00:00:00,8562.04000000,9939.00000000,8528.78000000,9791.98000000,9229.47800000,8395.58300000,7485.38700000,71.71097132,,
20200515 00:00:00,9791.97000000,9888.00000000,9150.00000000,9680.04000000,9371.07600000,8660.83200000,7699.73700000,70.78181829,483.06768722,158.45986493
20200518 00:00:00,9681.11000000,9950.00000000,9326.00000000,9511.43000000,9468.99600000,8929.29200000,7865.95950000,66.35137334,517.27024989,230.22194192
20200521 00:00:00,9511.43000000,9578.47000000,8815.00000000,9179.15000000,9344.82400000,9098.96800000,7987.68100000,67.92341491,511.66564514,286.51068256
20200524 00:00:00,9179.01000000,9298.00000000,8642.72000000,8841.18000000,9400.75600000,9213.77600000,8111.78450000,64.60555350,474.48305572,324.10515719
20200527 00:00:00,8841.00000000,9625.47000000,8811.73000000,9427.07000000,9327.77400000,9278.62600000,8263.41900000,66.71081991,486.68184685,356.62049513
20200530 00:00:00,9426.60000000,10380.00000000,9331.23000000,10200.77000000,9431.92000000,9401.49800000,8433.75300000,71.76027924,552.41273053,395.77894221
20200602 00:00:00,10202.71000000,10228.99000000,9266.00000000,9789.06000000,9487.44600000,9478.22100000,8584.56700000,65.36004379,564.77302139,429.57775804
20200605 00:00:00,9788.14000000,9854.75000000,9372.46000000,9746.99000000,9601.01400000,9472.91900000,8703.85250000,63.99101911,564.66483877,456.59517419
20200608 00:00:00,9746.99000000,9992.72000000,9570.00000000,9885.00000000,9809.77800000,9605.26700000,8854.26100000,58.65403116,569.15449810,479.10703897
20200611 00:00:00,9885.22000000,9964.00000000,9113.00000000,9473.34000000,9819.03200000,9573.40300000,8984.49300000,53.79147600,533.34697195,489.95502557
20200614 00:00:00,9473.34000000,9589.00000000,8910.45000000,9525.59000000,9683.99600000,9557.95800000,9109.39500000,53.80873463,503.38270535,492.64056152
20200617 00:00:00,9526.97000000,9565.00000000,9215.79000000,9310.23000000,9588.23000000,9537.83800000,9233.56500000,45.95249901,456.99015795,485.51048081
20200620 00:00:00,9310.23000000,9780.00000000,9170.95000000,9685.69000000,9575.97000000,9588.49200000,9343.73000000,60.83564504,445.38608055,477.48560076
20200623 00:00:00,9685.69000000,9720.00000000,9009.69000000,9249.49000000,9448.86800000,9629.32300000,9421.54950000,43.82567247,396.42236088,461.27295278
20200626 00:00:00,9249.49000000,9298.00000000,8833.00000000,9116.35000000,9377.47000000,9598.25100000,9438.43850000,43.61519694,342.92198380,437.60275898
20200629 00:00:00,9116.16000000,9292.00000000,9024.67000000,9232.00000000,9318.75200000,9501.37400000,9451.43600000,46.79651943,306.32343214,411.34689362
20200702 00:00:00,9231.99000000,9261.96000000,8940.00000000,9135.46000000,9283.79800000,9436.01400000,9457.11750000,49.47050254,266.45729130,382.36897315
20200705 00:00:00,9135.00000000,9379.42000000,8893.03000000,9257.39000000,9198.13800000,9387.05400000,9429.98650000,55.32296391,241.91319473,354.27781747
20200708 00:00:00,9257.40000000,9470.00000000,9125.00000000,9288.34000000,9205.90800000,9327.38800000,9466.32750000,47.93226079,222.39558979,327.90137193
20200711 00:00:00,9288.34000000,9345.00000000,9157.50000000,9242.62000000,9231.16200000,9304.31600000,9438.85950000,31.76098833,200.92241680,302.50558090
20200714 00:00:00,9242.61000000,9279.54000000,9047.25000000,9133.72000000,9211.50600000,9265.12900000,9411.54350000,35.89963164,173.12181213,276.62882715
20200717 00:00:00,9133.72000000,9232.27000000,9089.81000000,9208.99000000,9226.21200000,9255.00500000,9396.42150000,38.58738078,155.37225790,252.37751330
20200720 00:00:00,9208.99000000,9544.00000000,9131.00000000,9518.16000000,9278.36600000,9238.25200000,9413.37200000,42.74503599,164.35842188,234.77369502
20200723 00:00:00,9518.16000000,9732.90000000,9440.33000000,9700.42000000,9360.78200000,9283.34500000,9456.33400000,54.93909866,184.06509256,224.63197453
20200726 00:00:00,9700.42000000,11394.86000000,9650.00000000,10906.27000000,9693.51200000,9462.33700000,9530.29400000,69.99594485,293.60034631,238.42564888
20200729 00:00:00,10906.27000000,11444.00000000,10812.00000000,11335.46000000,10133.86000000,9672.68300000,9587.02850000,77.62006203,410.31007108,272.80253332
20200801 00:00:00,11335.46000000,12123.46000000,10518.50000000,11219.81000000,10536.02400000,9881.11800000,9658.56600000,72.51806882,487.84777486,315.81158163
20200804 00:00:00,11219.68000000,11900.00000000,11000.00000000,11762.46000000,10984.88400000,10131.62500000,9759.33950000,85.76804721,586.32548837,369.91436298
20200807 00:00:00,11762.47000000,11909.94000000,11322.00000000,11681.68000000,11381.13600000,10370.95900000,9849.17350000,87.06577932,650.35463156,426.00241669
20200810 00:00:00,11681.69000000,12067.35000000,11125.00000000,11564.33000000,11512.74800000,10603.13000000,9953.72300000,83.68267667,683.74721234,477.55137582
20200813 00:00:00,11564.34000000,11980.00000000,11270.36000000,11852.40000000,11616.13600000,10874.99800000,10070.06350000,87.18025913,725.09744272,527.06058920
20200816 00:00:00,11852.40000000,12468.00000000,11686.00000000,11945.01000000,11761.17600000,11148.60000000,10201.80250000,87.07655294,756.61882045,572.97223545
20200819 00:00:00,11945.10000000,12020.08000000,11485.81000000,11531.34000000,11714.95200000,11349.91800000,10294.08500000,77.98754224,739.69330363,606.31644909
20200822 00:00:00,11531.23000000,11824.90000000,11376.81000000,11748.20000000,11728.25600000,11554.69600000,10419.02050000,79.98339029,735.30239098,632.11363747
20200825 00:00:00,11748.19000000,11767.85000000,11117.64000000,11330.38000000,11681.46600000,11597.10700000,10529.72200000,74.47695668,690.15233245,643.72137646
20200828 00:00:00,11330.38000000,11719.00000000,11276.89000000,11711.16000000,11653.21800000,11634.67700000,10653.68000000,76.10391616,677.28898366,650.43489790
20200831 00:00:00,11711.17000000,12050.85000000,11160.10000000,11388.54000000,11541.92400000,11651.55000000,10766.33400000,69.45815370,633.75640003,647.09919833
20200903 00:00:00,11388.54000000,11462.60000000,9825.00000000,10166.69000000,11268.99400000,11491.97300000,10811.79900000,53.98811102,494.95786415,616.67093149
20200906 00:00:00,10166.69000000,10438.00000000,9850.00000000,10126.65000000,10944.68400000,11336.47000000,10853.71450000,41.67061971,377.37795296,568.81233579
20200909 00:00:00,10126.66000000,10483.35000000,9981.01000000,10387.89000000,10756.18600000,11218.82600000,10910.97800000,39.49942265,301.79599459,515.40906755
20200912 00:00:00,10387.89000000,10750.00000000,10200.00000000,10671.77000000,10548.30800000,11100.76300000,10987.88050000,44.14514702,261.78578795,464.68441163
20200915 00:00:00,10671.77000000,11093.00000000,10606.48000000,10939.99000000,10458.59800000,11000.26100000,11074.43050000,40.66603265,248.85191338,421.51791198
20200918 00:00:00,10940.00000000,11179.79000000,10723.00000000,10920.28000000,10609.31600000,10939.15500000,11144.53650000,41.23764017,234.31030892,384.07639137
20200921 00:00:00,10920.28000000,10988.86000000,10136.82000000,10241.46000000,10632.27800000,10788.48100000,11171.58850000,36.51835742,166.09622784,340.48035866
20200924 00:00:00,10241.46000000,10820.94000000,10190.93000000,10728.60000000,10700.42000000,10728.30300000,11162.70500000,38.99370453,149.61948366,302.30818366
20200927 00:00:00,10728.59000000,10950.00000000,10594.82000000,10840.48000000,10734.16200000,10641.23500000,11137.95600000,39.22310924,143.93018854,270.63258464
20200930 00:00:00,10840.58000000,10920.00000000,10374.00000000,10570.40000000,10660.24400000,10559.42100000,11105.48550000,40.35382880,116.28769022,239.76360575
20201003 00:00:00,10570.40000000,10798.00000000,10496.46000000,10792.21000000,10634.63000000,10621.97300000,11056.97300000,40.41304561,110.99949136,214.01078287
20201006 00:00:00,10792.20000000,10950.00000000,10525.00000000,10925.57000000,10771.45200000,10701.86500000,11019.16750000,45.69482051,116.22976871,194.45458004
20201009 00:00:00,10925.44000000,11491.00000000,10829.00000000,11369.02000000,10899.53600000,10799.97800000,11009.40200000,46.40918537,154.37793735,186.43925150
20201012 00:00:00,11369.02000000,11720.01000000,11172.00000000,11417.89000000,11015.01800000,10874.59000000,10987.67650000,50.32681194,186.40527248,186.43245570
20201015 00:00:00,11417.89000000,11617.34000000,11200.00000000,11360.20000000,11172.97800000,10916.61100000,10958.43600000,67.94109777,204.77158607,190.10028177
20201018 00:00:00,11360.31000000,12038.38000000,11346.22000000,11909.99000000,11396.53400000,11015.58200000,10977.36850000,73.24514982,260.68546040,204.21731750
20201021 00:00:00,11910.00000000,13217.68000000,11886.95000000,12923.07000000,11796.03400000,11283.74300000,11036.11200000,77.62970326,382.33735100,239.84132420
20201024 00:00:00,12923.06000000,13350.00000000,12765.00000000,13052.19000000,12132.66800000,11516.10200000,11122.20250000,76.84873969,483.59171144,288.59140165
20201027 00:00:00,13052.15000000,13859.48000000,12888.00000000,13455.70000000,12540.23000000,11777.62400000,11209.42950000,77.53436172,589.59986606,348.79309453
20201030 00:00:00,13455.69000000,14100.00000000,13115.00000000,13761.50000000,13020.49000000,12096.73400000,11328.07750000,79.26437871,690.32990326,417.10045627
20201102 00:00:00,13761.49000000,14259.00000000,13195.05000000,14144.01000000,13467.29400000,12431.91400000,11526.94350000,92.80904940,791.89605886,492.05957679
20201105 00:00:00,14144.01000000,15960.00000000,14093.56000000,14818.30000000,13846.34000000,12821.18700000,11761.52600000,93.09265706,916.23574136,576.89480971
20201108 00:00:00,14818.30000000,15840.00000000,14703.88000000,15297.21000000,14295.34400000,13214.00600000,12006.99200000,93.58856242,1041.41508529,669.79886482
20201111 00:00:00,15297.21000000,16480.00000000,15272.68000000,16320.70000000,14868.34400000,13704.28700000,12289.43850000,99.01648232,1209.26801760,777.69269538
20201114 00:00:00,16320.04000000,16880.00000000,15670.00000000,16713.57000000,15458.75800000,14239.62400000,12578.11750000,99.04435175,1358.33595012,893.82134633
20201117 00:00:00,16713.08000000,18476.93000000,16538.00000000,17802.82000000,16190.52000000,14828.90700000,12922.24450000,99.17498852,1546.53919127,1024.36491531
20201120 00:00:00,17802.81000000,18965.90000000,17610.86000000,18414.43000000,16909.74600000,15378.04300000,13330.89300000,99.19436263,1725.15689654,1164.52331156
20201123 00:00:00,18413.88000000,19484.21000000,18000.00000000,18719.11000000,17594.12600000,15944.73500000,13730.41850000,99.22215031,1869.74459273,1305.56756779
20201126 00:00:00,18718.83000000,18915.03000000,16188.00000000,17719.85000000,17873.95600000,16371.15000000,14074.38700000,88.04451214,1882.00487217,1420.85502867
20201129 00:00:00,17719.84000000,19888.00000000,17517.00000000,18764.96000000,18284.23400000,16871.49600000,14484.11500000,88.71337744,1953.53375352,1527.39077364
20201202 00:00:00,18764.96000000,19598.00000000,18330.00000000,18650.52000000,18453.77400000,17322.14700000,14877.03050000,85.99973601,1978.18329016,1617.54927694
20201205 00:00:00,18650.51000000,19420.91000000,18500.00000000,19166.90000000,18604.26800000,17757.00700000,15289.09700000,86.64966058,2016.14491242,1697.26840404
20201208 00:00:00,19166.90000000,19294.84000000,17650.00000000,18254.63000000,18511.37200000,18052.74900000,15633.37750000,77.10993383,1950.13723855,1747.84217094
20201211 00:00:00,18254.81000000,19411.00000000,17572.33000000,19174.99000000,18802.40000000,18338.17800000,16021.23250000,78.59611238,1949.61706970,1788.19715069
20201214 00:00:00,19174.99000000,21560.00000000,19000.00000000,21335.52000000,19316.51200000,18800.37300000,16519.99850000,81.98088665,2099.34164317,1850.42604919
20201217 00:00:00,21335.52000000,24171.47000000,21230.00000000,23821.61000000,20350.73000000,19402.25200000,17115.57950000,84.48156872,2391.04366918,1958.54957319
20201220 00:00:00,23821.60000000,24295.00000000,21815.00000000,23810.79000000,21279.50800000,19941.88800000,17659.96550000,83.81851029,2591.47364774,2085.13438810
20201223 00:00:00,23810.79000000,24789.86000000,22600.00000000,24712.47000000,22571.07600000,20541.22400000,18242.97950000,83.66038659,2790.90210790,2226.28793206
20201226 00:00:00,24712.47000000,28422.00000000,24500.00000000,27079.41000000,24151.96000000,21477.18000000,18924.16500000,85.89423952,3104.16005124,2401.86235589
20201229 00:00:00,27079.42000000,29300.00000000,25880.00000000,28923.63000000,25669.58200000,22493.04700000,19682.27150000,86.59511833,3461.33228546,2613.75634181
20210101 00:00:00,28923.63000000,34778.11000000,28624.57000000,33000.05000000,27505.27000000,23928.00000000,20625.07350000,89.08425870,4026.90720076,2896.38651360
20210104 00:00:00,33000.05000000,36939.21000000,28130.00000000,36769.36000000,30096.98400000,25688.24600000,21722.62650000,90.79368265,4724.81646829,3262.07250454
20210107 00:00:00,36769.36000000,41950.00000000,36300.00000000,40088.22000000,33172.13400000,27871.60500000,22962.17700000,95.75538294,5482.51978082,3706.16195979
20210110 00:00:00,40088.22000000,41350.00000000,30420.00000000,34051.24000000,34566.50000000,29359.23000000,23848.70400000,75.96589809,5532.10066921,4071.34970168
20210113 00:00:00,34049.15000000,40100.00000000,32380.00000000,36742.22000000,36130.21800000,30899.90000000,24850.13650000,78.25782585,5722.56728353,4401.59321805
20210116 00:00:00,36737.43000000,37950.00000000,33850.00000000,36631.27000000,36856.46200000,32180.86600000,25791.55900000,77.62789257,5797.72810919,4680.82019628
20210119 00:00:00,36622.46000000,37850.00000000,30071.00000000,30850.13000000,35672.61600000,32884.80000000,26413.34400000,67.26580303,5329.37025910,4810.53020884
20210122 00:00:00,30851.99000000,33826.53000000,28850.00000000,32259.90000000,34106.95200000,33639.54300000,27090.38350000,67.69920159,5014.14994625,4851.25415632
20210125 00:00:00,32259.45000000,34875.00000000,29241.72000000,30366.15000000,33369.93400000,33968.21700000,27722.69850000,62.30401132,4558.97277868,4792.79788079
20210128 00:00:00,30362.19000000,38531.90000000,29842.10000000,34262.88000000,32874.06600000,34502.14200000,28497.59450000,63.69937980,4461.24864136,4726.48803291
20210131 00:00:00,34262.89000000,35984.33000000,32171.67000000,35466.24000000,32641.06000000,34748.76100000,29338.38050000,64.82840552,4429.83823587,4667.15807350
20210203 00:00:00,35472.71000000,38708.27000000,35362.38000000,38290.24000000,34129.08200000,34900.84900000,30294.54750000,66.46851874,4580.02281008,4649.73102081
20210206 00:00:00,38289.32000000,46794.45000000,37351.00000000,46374.87000000,36952.07600000,35529.51400000,31700.55950000,70.55284175,5290.42254417,4777.86932549
20210209 00:00:00,46374.86000000,48678.90000000,43727.00000000,47969.51000000,40472.74800000,36921.34100000,33140.28550000,70.39543797,5913.92156610,5005.07977361
20210212 00:00:00,47968.66000000,49707.43000000,46125.00000000,48577.79000000,43335.73000000,38104.89800000,34502.39900000,68.02003915,6383.54659393,5280.77313767
20210215 00:00:00,48580.47000000,52618.74000000,45570.79000000,52119.71000000,46666.42400000,39653.74200000,35917.30400000,67.85090889,6961.28578560,5616.87566726
20210218 00:00:00,52117.67000000,57700.46000000,50710.20000000,55841.19000000,50176.61400000,42152.84800000,37518.82400000,68.14916422,7631.46975873,6019.79448555
20210221 00:00:00,55841.19000000,58352.80000000,44892.56000000,48891.00000000,50679.84000000,43815.95800000,38727.75050000,66.74469701,7515.14324470,6318.86423738
20210224 00:00:00,48891.00000000,52041.73000000,44106.78000000,46276.87000000,50341.31200000,45407.03000000,39687.62350000,60.77727644,7129.82699302,6481.05678851
20210227 00:00:00,46276.88000000,49790.00000000,43000.00000000,49587.03000000,50543.16000000,46939.44500000,40720.79350000,63.65656579,7010.74779877,6586.99499056
20210302 00:00:00,49595.76000000,52640.00000000,47047.60000000,48374.09000000,49794.03600000,48230.23000000,41489.49550000,70.44040519,6740.79882551,6617.75575755
20210305 00:00:00,48374.09000000,51450.03000000,46300.00000000,50971.75000000,48820.14800000,49498.38100000,42199.61500000,71.23746450,6659.70286269,6626.14517858
20210308 00:00:00,50959.11000000,57387.69000000,49274.67000000,55851.59000000,50212.26600000,50446.05300000,42987.78350000,77.08913868,6909.54707573,6682.82555801
20210311 00:00:00,55851.59000000,61844.00000000,54272.82000000,61188.39000000,53194.57000000,51767.94100000,44344.64100000,77.76969197,7452.28032439,6836.71651129
20210314 00:00:00,61188.38000000,61724.79000000,53271.34000000,56900.75000000,54657.31400000,52600.23700000,45352.56750000,70.78424980,7450.53844999,6959.48089903
20210317 00:00:00,56900.74000000,60129.97000000,54123.69000000,58030.01000000,56588.49800000,53191.26700000,46422.50450000,69.79139784,7454.35073130,7058.45486548
20210320 00:00:00,58030.01000000,59880.00000000,53650.00000000,54083.25000000,57210.79800000,53015.47300000,47584.16050000,58.42783015,7057.54644194,7058.27318077
20210323 00:00:00,54083.25000000,57200.00000000,50427.56000000,51293.78000000,56299.23600000,53255.75100000,48535.85450000,53.54199426,6443.71018741,6935.36058210
20210326 00:00:00,51293.78000000,56700.36000000,51214.60000000,55777.63000000,55217.08400000,54205.82700000,49806.42850000,57.08616376,6247.03779212,6797.69602410
20210329 00:00:00,55777.65000000,59800.00000000,54800.01000000,58740.55000000,55585.04400000,55121.17900000,51030.31200000,56.59142904,6258.11670986,6689.78016125
20210401 00:00:00,58739.46000000,60200.00000000,56880.00000000,57051.94000000,55389.43000000,55988.96400000,52109.59700000,51.25621936,6060.77527265,6563.97918353
20210404 00:00:00,57051.95000000,59495.24000000,56388.00000000,57991.15000000,56171.01000000,56690.90400000,53094.64250000,60.78747251,5912.01710648,6433.58676812
20210407 00:00:00,57990.03000000,58894.90000000,55473.00000000,58142.54000000,57540.76200000,56919.99900000,53683.02600000,64.93795653,5740.17196654,6294.90380781
20210410 00:00:00,58142.55000000,61500.00000000,57900.01000000,59860.00000000,58357.23600000,56787.16000000,54277.55050000,63.47316808,5677.12575186,6171.34819662
20210413 00:00:00,59860.01000000,64854.00000000,59805.15000000,63159.98000000,59241.12200000,57413.08300000,55006.66000000,68.38544821,5826.28024747,6102.33460679
20210416 00:00:00,63158.74000000,63520.61000000,50931.30000000,56150.01000000,59060.73600000,57225.08300000,55208.17500000,55.80221123,5317.54294063,5945.37627356
20210419 00:00:00,56150.01000000,57526.81000000,53329.96000000,53787.63000000,58220.03200000,57195.52100000,55105.49700000,47.54907293,4669.90883481,5690.28278581
20210422 00:00:00,53787.62000000,55521.48000000,47500.00000000,50047.84000000,56601.09200000,57070.92700000,55163.33900000,36.24918505,3810.95403584,5314.41703581
20210425 00:00:00,50047.84000000,55460.00000000,46930.00000000,55011.97000000,55631.48600000,56994.36100000,55600.09400000,47.70696644,3490.55305048,4949.64423875
20210428 00:00:00,55011.97000000,57963.00000000,52330.94000000,57694.27000000,54538.34400000,56889.73300000,56005.45600000,49.60721340,3413.72090468,4642.45957194
20210501 00:00:00,57697.25000000,58981.44000000,56035.25000000,57169.39000000,54742.22000000,56901.47800000,56445.22100000,53.92475495,3272.75120750,4368.51789905
20210504 00:00:00,57169.39000000,58360.00000000,52900.00000000,56393.68000000,55263.43000000,56741.73100000,56716.31750000,56.83585425,3063.12855349,4107.44002994
20210507 00:00:00,56393.68000000,59500.00000000,55241.63000000,58240.84000000,56902.03000000,56751.56100000,56835.78000000,53.55278633,3011.33862737,3888.21974942
20210510 00:00:00,58240.83000000,59500.00000000,48600.00000000,49631.32000000,55825.90000000,55728.69300000,56257.92650000,38.70172743,2249.64590888,3560.50498131
20210513 00:00:00,49537.15000000,51483.00000000,46000.00000000,46762.99000000,53639.64400000,54088.99400000,55751.03850000,37.60134734,1398.42846950,3128.08967895
20210516 00:00:00,46762.99000000,49795.89000000,42001.00000000,42849.78000000,50775.72200000,52758.97100000,54992.02700000,32.97429666,403.41881222,2583.15550561
20210519 00:00:00,42849.78000000,43584.90000000,30000.00000000,37252.01000000,46947.38800000,51105.40900000,54150.46500000,29.07288522,-827.29027895,1901.06634869
20210522 00:00:00,37263.35000000,39920.00000000,31111.01000000,38796.29000000,43058.47800000,49980.25400000,53525.59050000,28.82593501,-1658.90281159,1189.07251664
20210525 00:00:00,38810.99000000,40841.00000000,36419.62000000,38529.98000000,40838.21000000,48332.05500000,52663.20800000,23.63279117,-2312.79031937,488.69994943
20210528 00:00:00,38529.99000000,38877.83000000,33379.00000000,35641.27000000,38613.86600000,46126.75500000,51508.24400000,25.91993609,-3029.17716656,-214.87547376
20210531 00:00:00,35641.26000000,38225.00000000,34153.84000000,37568.68000000,37557.64600000,44166.68400000,50534.08100000,30.76021524,-3402.17487114,-852.33535324
20210603 00:00:00,37568.68000000,39476.00000000,34800.00000000,35513.20000000,37209.88400000,42078.63600000,49410.18350000,32.04056819,-3819.60823090,-1445.78992877
20210606 00:00:00,35516.07000000,36900.00000000,31000.00000000,33380.81000000,36126.78800000,39592.63300000,48172.09700000,21.26073446,-4273.23404575,-2011.27875217
20210609 00:00:00,33380.80000000,38491.00000000,32396.82000000,37331.98000000,35887.18800000,38362.69900000,47045.69600000,23.82895832,-4264.74801412,-2461.97260456
20210612 00:00:00,37331.98000000,41064.05000000,34600.36000000,40516.29000000,36862.19200000,37738.02900000,45913.51150000,29.96583879,-3955.47926553,-2760.67393675
20210615 00:00:00,40516.28000000,41330.00000000,37365.00000000,38092.97000000,36967.05000000,37262.34800000,45010.65950000,28.82321589,-3861.41128000,-2980.82140540
20210618 00:00:00,38092.97000000,38202.84000000,33336.00000000,35600.16000000,36984.44200000,37097.16300000,44101.28600000,24.18690038,-3942.56324256,-3173.16977283
20210621 00:00:00,35600.17000000,35750.00000000,28805.00000000,33678.07000000,37043.89400000,36585.34100000,43282.79750000,28.53876186,-4114.54346117,-3361.44451050
20210624 00:00:00,33675.07000000,35500.00000000,30151.00000000,32283.65000000,36034.22800000,35960.70800000,42146.38150000,29.71722165,-4313.63219699,-3551.88204780
20210627 00:00:00,32283.65000000,36600.00000000,31973.45000000,35911.73000000,35113.31600000,35987.75400000,41057.25450000,40.20286061,-4131.03571142,-3667.71278052
20210630 00:00:00,35911.72000000,36100.00000000,32699.00000000,33786.55000000,34252.03200000,35609.54100000,39888.11250000,44.57436069,-4110.42848527,-3756.25592147
20210703 00:00:00,33786.54000000,35967.85000000,33125.55000000,33690.14000000,33870.02800000,35427.23500000,38752.93550000,41.62599231,-4055.13155896,-3816.03104897
20210706 00:00:00,33690.15000000,35118.88000000,32077.00000000,32875.71000000,33709.55600000,35376.72500000,37484.67900000,40.89084975,-4030.56420578,-3858.93768033
20210709 00:00:00,32875.71000000,34666.00000000,32261.07000000,34258.99000000,34104.62400000,35069.42600000,36716.06250000,47.65959450,-3855.03680136,-3858.15750454
20210712 00:00:00,34259.00000000,34678.43000000,31550.00000000,32820.02000000,33486.28200000,34299.79900000,36018.91400000,41.82459127,-3788.37291697,-3844.20058702
20210715 00:00:00,32820.03000000,33185.25000000,31020.00000000,31520.07000000,33032.98600000,33642.50900000,35452.42850000,42.94171029,-3796.67075209,-3834.69462004
20210718 00:00:00,31520.07000000,32435.00000000,29278.00000000,29790.35000000,32253.02800000,33061.52800000,35079.34550000,43.56182403,-3897.88836362,-3847.33336875
20210721 00:00:00,29790.34000000,33650.00000000,29482.61000000,33634.09000000,32404.70400000,33057.13000000,34821.23550000,43.34354213,-3626.14639701,-3803.09597440
20210724 00:00:00,33634.10000000,40550.00000000,33401.14000000,37237.60000000,33000.42600000,33552.52500000,34756.61650000,44.18587660,-3084.46005396,-3659.36879032
20210727 00:00:00,37241.33000000,40900.00000000,36383.00000000,40016.48000000,34439.71800000,33963.00000000,34975.37700000,53.36849556,-2403.23434299,-3408.14190085
20210730 00:00:00,40018.49000000,42599.00000000,38313.23000000,39845.44000000,36104.79200000,34568.88900000,35089.21500000,58.09250582,-1855.76742592,-3097.66700587
20210802 00:00:00,39850.27000000,40480.01000000,37508.56000000,39723.18000000,38091.35800000,35172.19300000,35299.71400000,62.37237447,-1415.44494189,-2761.22259307
20210805 00:00:00,39723.17000000,44700.00000000,37332.70000000,44572.54000000,40279.04800000,36341.87600000,35859.30050000,72.03509724,-667.48897927,-2342.47587031
20210808 00:00:00,44572.54000000,46700.00000000,42779.00000000,45584.99000000,41948.52600000,37474.47600000,36271.95100000,69.14043115,6.88835872,-1872.60302450
20210811 00:00:00,45585.00000000,47886.00000000,43770.00000000,47800.00000000,43505.23000000,38972.47400000,36636.13650000,77.63012042,711.86412657,-1355.70959429
20210814 00:00:00,47799.99000000,48144.00000000,45500.00000000,45901.29000000,44716.40000000,40410.59600000,37026.55250000,72.47894155,1104.61911133,-863.64385317
20210817 00:00:00,45901.30000000,47160.00000000,43927.70000000,46760.62000000,46123.88800000,42107.62300000,37584.57550000,75.51790565,1468.29542006,-397.25599852
20210820 00:00:00,46760.62000000,49757.04000000,46622.99000000,49239.22000000,47057.22400000,43668.13600000,38362.63300000,76.46540664,1934.21736655,69.03867449
20210823 00:00:00,49239.22000000,50500.00000000,47126.28000000,48973.32000000,47734.89000000,44841.70800000,39197.11650000,79.77187057,2256.00216946,506.43137349
20210826 00:00:00,48973.32000000,49352.84000000,46250.00000000,48895.35000000,47953.96000000,45729.59500000,39846.29750000,83.53462145,2476.18351454,900.38180170
20210829 00:00:00,48895.35000000,49632.27000000,46700.00000000,47100.89000000,48193.88000000,46455.14000000,40512.01450000,83.32638975,2477.32384456,1215.77021027
20210901 00:00:00,47100.89000000,51000.00000000,46512.00000000,49999.14000000,48841.58400000,47482.73600000,41327.46450000,82.69644881,2681.18508495,1508.85318521
20210904 00:00:00,49998.00000000,52780.00000000,49370.00000000,52663.90000000,49526.52000000,48291.87200000,42316.87400000,82.02207168,3022.92406150,1811.66736046
20210907 00:00:00,52666.20000000,52920.00000000,42843.05000000,46395.14000000,49010.88400000,48372.88700000,42923.68150000,61.56523984,2756.14697405,2000.56328318
20210910 00:00:00,46395.14000000,47033.00000000,44132.29000000,46025.24000000,48436.86200000,48195.41100000,43583.94250000,61.12446410,2486.21681181,2097.69398891
20210913 00:00:00,46025.23000000,48500.00000000,43370.00000000,48121.41000000,48640.96600000,48417.42300000,44414.00950000,64.11484781,2413.61595180,2160.87838149
20210916 00:00:00,48121.40000000,48843.20000000,46699.56000000,48292.74000000,48299.68600000,48570.63500000,45339.12900000,57.41915155,2342.89669166,2197.28204352
20210919 00:00:00,48292.75000000,48372.83000000,39600.00000000,40734.38000000,45913.78200000,47720.15100000,45694.14350000,42.32923466,1657.84408965,2089.39445275
20210922 00:00:00,40734.09000000,45200.00000000,40565.39000000,42810.57000000,45196.86800000,47103.87600000,45972.79200000,42.07490845,1267.85114974,1925.08579215
20210925 00:00:00,42810.58000000,44350.00000000,40750.00000000,42147.35000000,44421.29000000,46429.07600000,46079.33550000,43.79374537,894.94624069,1719.05788185
20210928 00:00:00,42147.35000000,44141.37000000,40753.88000000,43824.10000000,43561.82800000,46101.39700000,46278.26850000,45.27292115,726.34329211,1520.51496390
20211001 00:00:00,43820.01000000,49228.08000000,43283.03000000,48200.01000000,43543.28200000,45921.48400000,46702.11000000,48.42342951,935.04499003,1403.42096913
20211004 00:00:00,48200.01000000,55750.00000000,46891.00000000,55315.00000000,46459.40600000,46186.59400000,47239.23300000,57.96552970,1655.47948282,1453.83267187
20211007 00:00:00,55315.00000000,56100.00000000,53357.00000000,54949.72000000,48887.23600000,47042.05200000,47707.46950000,57.55015734,2171.91745316,1597.44962813
20211010 00:00:00,54949.72000000,57839.04000000,53879.00000000,55996.93000000,51657.15200000,48039.22100000,48117.31600000,61.30457457,2635.32102019,1805.02390654
20211013 00:00:00,55996.91000000,62933.00000000,54167.19000000,61672.42000000,55226.81600000,49394.32200000,48905.87250000,63.85574889,3421.09998558,2128.23912235
20211016 00:00:00,61672.42000000,62695.78000000,58963.00000000,62009.84000000,57988.78200000,50766.03200000,49668.33350000,61.74202163,4024.66857687,2507.52501325
20211019 00:00:00,62005.60000000,67000.00000000,61322.22000000,62193.15000000,59364.41200000,52911.90900000,50316.03000000,73.43116732,4466.30780278,2899.28157116
20211022 00:00:00,62193.15000000,63732.39000000,59510.63000000,60852.22000000,60544.91200000,54716.07400000,50909.97500000,71.37526757,4654.45457177,3250.31617128
20211025 00:00:00,60852.22000000,63710.63000000,58000.00000000,58413.44000000,61028.21400000,56342.68300000,51385.87950000,64.69233411,4554.27423896,3511.10778482
20211028 00:00:00,58413.44000000,62980.00000000,57820.00000000,61859.19000000,61065.56800000,58146.19200000,52123.79450000,67.71095983,4698.75945698,3748.63811925
20211031 00:00:00,61859.19000000,64270.00000000,59405.00000000,63219.99000000,61307.59800000,59648.19000000,52784.83700000,85.02209985,4866.96685620,3972.30386664
20211103 00:00:00,63220.57000000,63500.00000000,60382.76000000,60937.12000000,61056.39200000,60210.40200000,53198.49800000,78.05211041,4761.17998258,4130.07908983
20211106 00:00:00,60940.18000000,67789.00000000,60050.00000000,67525.83000000,62391.11400000,61468.01300000,54255.03250000,83.18819277,5149.63516726,4333.99030531
20211109 00:00:00,67525.82000000,69000.00000000,62822.90000000,64774.26000000,63663.27800000,62345.74600000,55192.48350000,76.64803142,5175.79663484,4502.35157122
20211112 00:00:00,64774.25000000,65550.51000000,62278.00000000,65519.10000000,64395.26000000,62730.41400000,56062.36800000,74.27141974,5196.72750961,4641.22675890
20211115 00:00:00,65519.11000000,66401.82000000,58373.00000000,60344.87000000,63820.23600000,62563.91700000,56664.97450000,57.45448865,4741.14528888,4661.21046489
20211118 00:00:00,60344.86000000,60976.00000000,55600.00000000,59707.51000000,63574.31400000,62315.35300000,57613.63100000,56.99484288,4279.33397305,4584.83516653
20211121 00:00:00,59707.52000000,60029.76000000,55317.00000000,57541.27000000,61577.40200000,61984.25800000,58350.16600000,52.19814224,3695.94318175,4407.05676957
20211124 00:00:00,57541.26000000,59398.90000000,53500.00000000,53726.53000000,59367.85600000,61515.56700000,58929.12500000,38.05759667,2892.44187026,4104.13378971
20211127 00:00:00,53723.72000000,58865.97000000,53256.64000000,57776.25000000,57819.28600000,61107.27300000,59626.73250000,44.27581507,2553.01033709,3793.90909918
20211130 00:00:00,57776.25000000,59176.99000000,55777.77000000,56480.34000000,57046.38000000,60433.30800000,60040.74900000,42.50138807,2154.60237991,3466.04775533
20211203 00:00:00,56484.26000000,57600.00000000,42000.30000000,49396.33000000,54984.14400000,59279.22900000,59744.81550000,36.93309970,1252.79930942,3023.39806615
20211206 00:00:00,49396.32000000,51936.33000000,47100.00000000,50471.19000000,53570.12800000,57573.76500000,59520.88900000,40.64993062,617.72534468,2542.26352186
20211209 00:00:00,50471.19000000,50797.76000000,46751.00000000,49389.99000000,52702.82000000,56035.33800000,59190.54200000,34.45510591,26.87109487,2039.18503646
20211212 00:00:00,49389.99000000,50777.00000000,45672.75000000,48343.28000000,50816.22600000,54317.75600000,58524.08500000,31.30736409,-519.85335833,1527.37735750
20211215 00:00:00,48336.95000000,49500.00000000,45456.00000000,46131.20000000,48746.39800000,52896.38900000,57730.15300000,31.36315781,-1118.73669508,998.15454698
20211218 00:00:00,46133.83000000,48300.01000000,45500.00000000,46914.16000000,48249.96400000,51617.05400000,56966.20350000,19.61403367,-1512.73980285,495.97567702
20211221 00:00:00,46914.17000000,51375.00000000,46630.00000000,50838.81000000,48323.48800000,50946.80800000,56465.53300000,30.14299715,-1491.11500349,98.55754092
20211224 00:00:00,50838.82000000,51810.00000000,49412.00000000,50775.49000000,48600.58800000,50651.70400000,56083.63550000,28.57531056,-1462.23090138,-213.60014754
20211227 00:00:00,50775.48000000,52088.00000000,46096.99000000,46464.66000000,48224.86400000,49520.54500000,55313.90900000,29.31080690,-1766.82118149,-524.24435433
20211230 00:00:00,46464.66000000,48548.26000000,45678.00000000,47722.65000000,48543.15400000,48644.77600000,54539.04200000,32.46043784,-1884.97309688,-796.39010284
20220102 00:00:00,47722.66000000,47990.00000000,45500.00000000,45832.01000000,48326.72400000,48288.34400000,53783.78650000,32.72441532,-2106.88137137,-1058.48835655
20220105 00:00:00,45832.01000000,47070.00000000,40610.00000000,41566.48000000,46472.25800000,47397.87300000,52485.81900000,32.29483865,-2597.00128589,-1366.19094242
20220108 00:00:00,41566.48000000,42786.70000000,39650.00000000,41822.49000000,44681.65800000,46641.12300000,51338.23050000,23.88627904,-2930.98046353,-1679.14884664
20220111 00:00:00,41822.49000000,44500.00000000,41268.93000000,42560.11000000,43900.74800000,46062.80600000,50190.28100000,26.79065012,-3100.40209315,-1963.39949594
20220114 00:00:00,42558.35000000,43800.00000000,41725.95000000,43071.66000000,42970.55000000,45756.85200000,49326.62050000,36.49495323,-3157.00021216,-2202.11963918
20220117 00:00:00,43071.66000000,43176.18000000,41138.56000000,41660.01000000,42136.15000000,45231.43700000,48424.24550000,31.45228719,-3277.97651381,-2417.29101411
20220120 00:00:00,41660.00000000,43505.00000000,34008.00000000,35071.42000000,40837.13800000,43654.69800000,47300.75300000,25.53228574,-3860.98818589,-2706.03044846
20220123 00:00:00,35071.42000000,37550.00000000,32917.17000000,36958.32000000,39864.30400000,42272.98100000,46462.34250000,31.08830737,-4123.24190975,-2989.47274072
20220126 00:00:00,36958.32000000,38919.98000000,35507.01000000,37716.56000000,38895.59400000,41398.17100000,45459.35800000,35.31295992,-4221.23645797,-3235.82548417
20220129 00:00:00,37716.57000000,38744.00000000,36632.61000000,38466.90000000,37974.64200000,40472.59600000,44558.68600000,35.23921624,-4190.05137230,-3426.67066180
20220201 00:00:00,38466.90000000,39265.20000000,36250.00000000,37311.61000000,37104.96200000,39620.55600000,43954.45000000,23.82963493,-4210.02862571,-3583.34225458
20220204 00:00:00,37311.98000000,42656.00000000,37026.73000000,42380.87000000,38566.85200000,39701.99500000,43549.93400000,36.39465110,-3773.31737269,-3621.33727820
20220207 00:00:00,42380.87000000,45492.00000000,41645.85000000,44372.72000000,40049.73200000,39957.01800000,43299.07050000,46.33397660,-3229.26989669,-3542.92380190
20220210 00:00:00,44372.71000000,45821.00000000,41688.88000000,42217.87000000,40949.99400000,39922.79400000,42992.80000000,40.64713854,-2938.11794375,-3421.96263027
20220213 00:00:00,42217.87000000,44751.40000000,41550.56000000,44544.86000000,42165.58600000,40070.11400000,42913.48300000,47.84502893,-2490.89578182,-3235.74926058
20220216 00:00:00,44544.85000000,44549.97000000,39450.00000000,39974.44000000,42698.15200000,39901.55700000,42566.49700000,47.36151273,-2476.71368024,-3083.94214451
20220219 00:00:00,39974.45000000,40444.32000000,36800.00000000,37008.16000000,41623.61000000,40095.23100000,41874.96450000,42.67890071,-2674.00401455,-3001.95451852
20220222 00:00:00,37008.16000000,39843.00000000,34322.28000000,38327.21000000,40414.50800000,40232.12000000,41252.55050000,43.67492438,-2692.87987175,-2940.13958916
20220225 00:00:00,38328.68000000,40348.45000000,37000.00000000,37699.07000000,39510.74800000,40230.37100000,40814.27100000,41.99980046,-2727.08859324,-2897.52938998
20220228 00:00:00,37699.08000000,45400.00000000,37450.17000000,43892.98000000,39380.37200000,40772.97900000,40622.78750000,52.91053649,-2228.71128280,-2763.76576854
20220303 00:00:00,43892.99000000,44101.12000000,38407.59000000,39397.96000000,39265.07600000,40981.61400000,40301.08500000,55.96491973,-2171.42340388,-2645.29729561
20220306 00:00:00,39397.97000000,39693.87000000,37155.00000000,38730.63000000,39609.57000000,40616.59000000,40159.29250000,52.52847821,-2155.02847420,-2547.24353133
20220309 00:00:00,38730.63000000,42594.06000000,38223.60000000,38729.57000000,39690.04200000,40052.27500000,40004.64650000,51.47713066,-2117.70927317,-2461.33667970
20220312 00:00:00,38729.57000000,39947.12000000,37555.00000000,39671.37000000,40084.50200000,39797.62500000,39860.20950000,51.74655791,-1989.20779917,-2366.91090359
20220315 00:00:00,39671.37000000,41718.00000000,38098.33000000,40917.90000000,39489.48600000,39434.92900000,39752.52150000,55.21554855,-1766.42268080,-2246.81325903
20220318 00:00:00,40917.89000000,42400.00000000,40135.04000000,41262.11000000,39862.31600000,39563.69600000,39732.62650000,48.12586942,-1544.28741506,-2106.30809024
20220321 00:00:00,41262.11000000,43361.00000000,40467.94000000,42882.76000000,40692.74200000,40151.15600000,40123.19350000,47.47260845,-1223.36847564,-1929.72016732
20220324 00:00:00,42882.76000000,45094.14000000,42560.46000000,44511.27000000,41849.08200000,40769.56200000,40500.84100000,53.96098087,-828.08510742,-1709.39315534
20220327 00:00:00,44511.27000000,48189.84000000,44421.46000000,47434.80000000,43401.76800000,41743.13500000,40986.75300000,54.89050458,-275.73722511,-1422.66196929
20220330 00:00:00,47434.79000000,47700.22000000,44200.00000000,46283.49000000,44474.88600000,41982.18600000,41377.58250000,62.07366003,68.31387613,-1124.46680021
20220402 00:00:00,46283.49000000,47444.11000000,45118.00000000,46580.51000000,45538.56600000,42700.44100000,41841.02750000,70.40310648,360.78497965,-827.41644424
20220405 00:00:00,46580.50000000,47200.00000000,42727.35000000,43444.19000000,45650.85200000,43171.79700000,41894.19350000,60.12247511,335.62672765,-594.80780986
20220408 00:00:00,43444.20000000,43970.62000000,41868.00000000,42158.85000000,45180.36800000,43514.72500000,41783.50000000,58.59881061,209.55679543,-433.93488880
20220411 00:00:00,42158.85000000,42414.71000000,39200.00000000,41147.79000000,43922.96600000,43662.36700000,41729.99600000,43.38498551,27.74158591,-341.59959386
20220414 00:00:00,41147.78000000,41500.00000000,39551.94000000,40378.71000000,42742.01000000,43608.44800000,41521.68850000,52.88053455,-176.37348236,-308.55437156
20220417 00:00:00,40378.70000000,41760.00000000,38536.51000000,41493.18000000,41724.54400000,43631.55500000,41597.62550000,57.90615132,-245.37915143,-295.91932753
20220420 00:00:00,41493.19000000,42976.00000000,39177.00000000,39709.18000000,40977.54200000,43314.19700000,41732.67650000,52.54393541,-438.96046878,-324.52755578
20220423 00:00:00,39709.19000000,40616.00000000,38200.00000000,40426.08000000,40630.98800000,42905.67800000,41837.62000000,51.98305948,-528.43574056,-365.30919274
20220426 00:00:00,40426.08000000,40797.31000000,37702.26000000,39742.07000000,40349.84400000,42136.40500000,41939.77000000,46.81630052,-647.08028978,-421.66341215
20220429 00:00:00,39742.06000000,39925.25000000,37386.38000000,38468.35000000,39967.77200000,41354.89100000,41668.53850000,42.79807300,-834.26858003,-504.18444572
20220502 00:00:00,38468.35000000,40023.77000000,37517.80000000,39690.00000000,39607.13600000,40665.84000000,41683.14050000,41.59663777,-873.96517690,-578.14059196
20220505 00:00:00,39690.00000000,39845.51000000,34785.00000000,35472.39000000,38759.77800000,39868.66000000,41520.22850000,29.06311585,-1231.55430348,-708.82333426
20220508 00:00:00,35472.40000000,35514.22000000,29730.40000000,31017.10000000,36877.98200000,38754.48500000,41134.60500000,14.49118384,-1853.08966700,-937.67660081
20220511 00:00:00,31017.11000000,32162.59000000,26700.00000000,29287.05000000,34786.97800000,37568.41100000,40615.38900000,14.13726573,-2456.93942853,-1241.52916635
20220514 00:00:00,29287.05000000,31460.00000000,28630.00000000,29874.01000000,33068.11000000,36517.94100000,40063.19450000,15.17514464,-2855.21876389,-1564.26708586
20220517 00:00:00,29874.01000000,30788.37000000,28654.47000000,30319.23000000,31193.95600000,35400.54600000,39516.05050000,19.18352167,-3099.20674727,-1871.25501814
20220520 00:00:00,30319.22000000,30777.33000000,28730.00000000,30293.94000000,30158.26600000,34459.02200000,38886.60950000,20.39000145,-3257.06426419,-2148.41686735
20220523 00:00:00,30293.93000000,30670.51000000,28669.00000000,29542.15000000,29863.27600000,33370.62900000,38138.15350000,20.65732068,-3403.59611632,-2399.45271715
20220526 00:00:00,29542.14000000,29886.64000000,28019.56000000,29031.33000000,29812.13200000,32299.55500000,37217.98000000,20.93065912,-3520.36202763,-2623.63457924
20220529 00:00:00,29031.33000000,32399.00000000,28839.21000000,31801.04000000,30197.53800000,31632.82400000,36493.85750000,27.11205109,-3350.78167863,-2769.06399912
20220601 00:00:00,31801.05000000,31982.97000000,29282.36000000,29700.21000000,30073.73400000,30633.84500000,35649.84250000,26.71233164,-3347.32161399,-2884.71552209
20220604 00:00:00,29700.21000000,31765.64000000,29485.00000000,31373.10000000,30289.56600000,30223.91600000,35046.28800000,29.83372420,-3173.01470734,-2942.37535914
20220607 00:00:00,31373.10000000,31589.60000000,29218.96000000,30109.93000000,30403.12200000,30133.19900000,34443.84200000,29.08330076,-3101.05545333,-2974.11137798
20220610 00:00:00,30109.93000000,30382.80000000,26560.00000000,26574.53000000,29911.76200000,29861.94700000,33715.17900000,26.48204509,-3291.36366796,-3037.56183598
20220613 00:00:00,26574.53000000,26895.84000000,20111.62000000,22583.72000000,28068.29800000,29132.91800000,32825.42950000,19.51386948,-3721.31234132,-3174.31193704
20220616 00:00:00,22583.72000000,22995.73000000,17622.00000000,18970.79000000,25922.41400000,27998.07400000,31699.31000000,19.94371094,-4303.96953736,-3400.24345711
20220619 00:00:00,18970.79000000,21723.00000000,17960.41000000,20723.52000000,23792.49800000,27041.03200000,30750.02700000,29.20371253,-4571.60033725,-3634.51483314
20220622 00:00:00,20723.51000000,21558.41000000,19770.51000000,21237.69000000,22018.05000000,26210.58600000,29790.60750000,32.89751461,-4688.16816808,-3845.24550012
20220625 00:00:00,21237.68000000,21888.00000000,20510.00000000,20742.56000000,20851.65600000,25381.70900000,28840.63200000,30.52239057,-4765.56737265,-4029.30987463
20220628 00:00:00,20742.57000000,21212.10000000,18626.00000000,19942.21000000,20323.35400000,24195.82600000,27914.32500000,28.19589158,-4835.74489905,-4190.59687951
20220701 00:00:00,19942.21000000,20918.35000000,18781.00000000,19315.83000000,20392.36200000,23157.38800000,26895.61650000,27.50120813,-4885.58672288,-4329.59484819
20220704 00:00:00,19315.83000000,20750.00000000,19055.31000000,20564.51000000,20360.56000000,22076.52900000,26150.22250000,31.96826545,-4769.35058232,-4417.54599501
20220707 00:00:00,20564.51000000,22527.37000000,20251.68000000,21591.83000000,20431.38800000,21224.71900000,25678.95900000,35.36136636,-4541.97935444,-4442.43266690
20220710 00:00:00,21592.15000000,21607.65000000,19240.00000000,19328.75000000,20148.62600000,20500.14100000,25181.04400000,24.95913286,-4492.60965335,-4452.46806419
20220713 00:00:00,19331.28000000,21200.00000000,18910.94000000,20830.04000000,20326.19200000,20324.77300000,24728.84550000,31.75187302,-4282.97083166,-4418.56861768
20220716 00:00:00,20830.04000000,22777.63000000,20478.61000000,22432.58000000,20949.54200000,20670.95200000,24334.51300000,31.55375221,-3942.07715846,-4323.27032584
20220719 00:00:00,22432.58000000,24276.74000000,21579.54000000,23152.19000000,21467.07800000,20913.81900000,23977.42550000,35.31528778,-3572.66647822,-4173.14955632
20220722 00:00:00,23152.19000000,23756.49000000,21934.57000000,22579.68000000,21664.64800000,21048.01800000,23629.30200000,40.36342005,-3288.19832159,-3996.15930937
20220725 00:00:00,22577.13000000,23112.63000000,20706.50000000,22952.45000000,22389.38800000,21269.00700000,23325.35800000,51.07755988,-2998.11542598,-3796.55053269
20220728 00:00:00,22954.31000000,24668.00000000,22582.13000000,23643.51000000,22952.08200000,21639.13700000,22917.48150000,66.46759640,-2681.54865106,-3573.55015637
20220731 00:00:00,23644.64000000,24194.82000000,22654.37000000,22987.79000000,23063.12400000,22006.33300000,22581.86050000,58.64845107,-2455.27543821,-3349.89521274
20220803 00:00:00,22985.93000000,23647.68000000,22400.00000000,23312.42000000,23095.17000000,22281.12400000,22178.82650000,58.04092219,-2224.11909837,-3124.73998986
20220806 00:00:00,23313.56000000,24245.00000000,22844.62000000,23810.00000000,23341.23400000,22502.94100000,21863.83000000,61.88605900,-1977.97462587,-2895.38691706
20220809 00:00:00,23810.98000000,24918.54000000,22664.69000000,23934.39000000,23537.62200000,22963.50500000,21731.82300000,66.32451609,-1752.66252204,-2666.84203806
20220812 00:00:00,23933.09000000,25047.56000000,23583.00000000,24305.24000000,23669.96800000,23311.02500000,21817.89900000,70.83777772,-1526.57910711,-2438.78945187
20220815 00:00:00,24305.25000000,25211.32000000,23180.40000000,23342.66000000,23740.94200000,23402.03300000,22036.49250000,61.88673045,-1408.83832211,-2232.79922592
20220818 00:00:00,23342.66000000,23600.00000000,20761.90000000,21140.07000000,23306.47200000,23200.82100000,22057.32000000,48.24370976,-1476.24131595,-2081.48764392
20220821 00:00:00,21140.07000000,21800.00000000,20890.14000000,21529.12000000,22850.29600000,23095.76500000,22071.89150000,60.01336104,-1481.19133886,-1961.42838291
20220824 00:00:00,21529.11000000,21900.00000000,20107.90000000,20241.05000000,22111.62800000,22824.62500000,22046.81600000,47.26660139,-1570.94191135,-1883.33108860
20220827 00:00:00,20239.14000000,20433.62000000,19520.00000000,20285.73000000,21307.72600000,22488.84700000,22063.99200000,38.35270706,-1619.79262301,-1830.62339548
20220830 00:00:00,20287.20000000,20576.25000000,19540.00000000,20131.46000000,20665.48600000,22203.21400000,22104.77350000,32.54064676,-1651.91323615,-1794.88136361
20220902 00:00:00,20132.64000000,20441.26000000,19583.10000000,20000.30000000,20437.53200000,21872.00200000,22076.56300000,34.29008210,-1668.71664261,-1769.64841941
20220905 00:00:00,20000.30000000,20180.00000000,18510.77000000,19292.84000000,19990.27600000,21420.28600000,21961.61350000,28.58396857,-1719.30054634,-1759.57884480
20220908 00:00:00,19292.85000000,21810.80000000,19012.00000000,21648.34000000,20271.73400000,21191.68100000,22077.59300000,40.22792704,-1551.43550742,-1717.95017732
20220911 00:00:00,21647.21000000,22799.00000000,19860.00000000,20173.57000000,20249.30200000,20778.51400000,22044.76950000,37.24008350,-1519.88260789,-1678.33666344
20220914 00:00:00,20173.62000000,20541.48000000,19320.01000000,19803.30000000,20183.67000000,20424.57800000,21913.30550000,34.15492513,-1507.37828368,-1644.14498749
20220917 00:00:00,19803.30000000,20189.00000000,18232.56000000,19537.02000000,20091.01400000,20264.27300000,21732.54700000,30.29417299,-1501.64505777,-1615.64500154
20220920 00:00:00,19537.02000000,19956.00000000,18125.98000000,19401.63000000,20112.77200000,20051.52400000,21573.64450000,29.11732511,-1490.84079179,-1590.68415959
20220923 00:00:00,19401.63000000,19500.00000000,18531.42000000,18807.38000000,19544.58000000,19908.15700000,21366.39100000,25.18191963,-1512.79083080,-1575.10549383
20220926 00:00:00,18809.13000000,20385.86000000,18471.28000000,19412.82000000,19392.43000000,19820.86600000,21154.85650000,31.66912021,-1464.45116528,-1552.97462812
20220929 00:00:00,19412.82000000,20185.00000000,18843.01000000,19310.95000000,19293.96000000,19738.81500000,20971.01450000,39.38835941,-1418.01568756,-1525.98284001
20221002 00:00:00,19312.24000000,20475.00000000,18920.35000000,20337.82000000,19454.12000000,19772.56700000,20822.28450000,43.56490945,-1283.55933678,-1477.49813936
20221005 00:00:00,20337.82000000,20456.60000000,19320.00000000,19530.09000000,19479.81200000,19796.29200000,20608.28900000,45.94937978,-1228.02288718,-1427.60308893
20221008 00:00:00,19530.09000000,19627.38000000,19020.25000000,19131.87000000,19544.71000000,19544.64500000,20368.16300000,43.68058203,-1202.28369861,-1382.53921086
20221011 00:00:00,19131.87000000,19513.79000000,18190.00000000,19375.13000000,19537.17200000,19464.80100000,20121.65750000,45.89774659,-1149.01107282,-1335.83358325
20221014 00:00:00,19375.58000000,19951.87000000,18975.18000000,19262.98000000,19527.57800000,19410.76900000,19917.67350000,45.99259087,-1103.12555605,-1289.29197781
20221017 00:00:00,19262.98000000,19706.66000000,19065.97000000,19123.97000000,19284.80800000,19369.46400000,19816.86850000,49.02172515,-1065.69325026,-1244.57223230
20221020 00:00:00,19123.35000000,19347.82000000,18650.00000000,19204.35000000,19219.66000000,19349.73600000,19700.63000000,30.77381767,-1017.80921295,-1199.21962843
20221023 00:00:00,19204.29000000,20415.87000000,19070.11000000,20080.07000000,19409.30000000,19477.00500000,19692.58100000,49.18792254,-898.83625822,-1139.14295439
20221026 00:00:00,20079.02000000,21020.00000000,20000.09000000,20591.84000000,19652.64200000,19594.90700000,19707.88650000,56.68442307,-754.55572379,-1062.22550827
20221029 00:00:00,20591.84000000,21085.00000000,20237.95000000,20490.74000000,19898.19400000,19712.88600000,19725.85050000,58.31757704,-640.98145068,-977.97669675
20221101 00:00:00,20490.74000000,20800.00000000,20031.24000000,20207.82000000,20114.96400000,19699.88600000,19736.22650000,56.85455278,-567.26324296,-895.83400599
20221104 00:00:00,20207.12000000,21480.65000000,20180.96000000,20905.58000000,20455.21000000,19837.43500000,19816.86350000,67.53116540,-447.38050765,-806.14330632
20221107 00:00:00,20905.58000000,21069.77000000,15588.00000000,15922.81000000,19623.75800000,19516.52900000,19530.58700000,33.15880956,-745.84286024,-794.08321711
20221110 00:00:00,15922.68000000,18199.00000000,15754.26000000,16812.08000000,18867.80600000,19260.22400000,19362.51250000,38.79322948,-900.24233466,-815.31504062
20221113 00:00:00,16813.16000000,17190.00000000,15815.21000000,16900.57000000,18149.77200000,19023.98300000,19217.37600000,33.16814471,-1003.89238060,-853.03050861
20221116 00:00:00,16900.57000000,17015.92000000,16378.61000000,16700.45000000,17448.29800000,18781.63100000,19075.54750000,35.26680371,-1089.62330115,-900.34906712
20221119 00:00:00,16699.43000000,16822.41000000,15476.00000000,15781.29000000,16423.44000000,18439.32500000,18894.53050000,33.45209544,-1217.69734658,-963.81872301
20221122 00:00:00,15781.29000000,16812.63000000,15616.63000000,16598.95000000,16558.66800000,18091.21300000,18784.10900000,37.02511058,-1238.93692808,-1018.84236403
20221125 00:00:00,16599.55000000,16701.99000000,16342.81000000,16428.78000000,16482.00800000,17674.90700000,18634.90700000,36.82539535,-1255.03350130,-1066.08059148
20221128 00:00:00,16428.77000000,17249.00000000,15995.27000000,17163.64000000,16534.62200000,17342.19700000,18527.54150000,41.36582057,-1194.72109000,-1091.80869119
20221201 00:00:00,17165.53000000,17324.00000000,16787.85000000,16885.20000000,16571.57200000,17009.93500000,18354.91050000,39.96057215,-1156.06445903,-1104.65984475
20221204 00:00:00,16885.20000000,17424.25000000,16867.00000000,17088.96000000,16833.10600000,16628.27300000,18232.85400000,36.25187875,-1096.34904207,-1102.99768422
20221207 00:00:00,17088.96000000,17360.00000000,16678.83000000,17128.56000000,16939.02800000,16748.84800000,18132.68850000,33.35934377,-1033.91047844,-1089.18024306
20221210 00:00:00,17128.56000000,17270.99000000,16871.85000000,17209.83000000,17095.23800000,16788.62300000,18024.42350000,34.20551210,-966.72584337,-1064.68936312
20221213 00:00:00,17208.93000000,18387.95000000,17080.14000000,17356.34000000,17133.77800000,16834.20000000,17929.09150000,36.09012433,-891.38408264,-1030.02830703
20221216 00:00:00,17356.96000000,17531.73000000,16527.32000000,16738.21000000,17104.38000000,16837.97600000,17809.80350000,29.51187832,-871.50693012,-998.32403165
20221219 00:00:00,16739.00000000,17061.27000000,16256.30000000,16824.67000000,17051.52200000,16942.31400000,17690.81950000,58.55021900,-839.10486556,-966.48019843
20221222 00:00:00,16824.68000000,16955.14000000,16559.85000000,16836.12000000,16993.03400000,16966.03100000,17528.62200000,50.27342542,-803.24279371,-933.83271748
20221225 00:00:00,16835.73000000,16972.83000000,16592.37000000,16706.36000000,16892.34000000,16993.78900000,17334.34800000,47.81164434,-776.34318992,-902.33481197
20221228 00:00:00,16706.06000000,16785.19000000,16333.00000000,16607.48000000,16742.56800000,16938.17300000,17140.18500000,48.92795616,-754.30864917,-872.72957941
20221231 00:00:00,16607.48000000,16799.23000000,16470.00000000,16672.87000000,16729.50000000,16916.94000000,16963.43750000,62.80144960,-723.23271383,-842.83020629
20230103 00:00:00,16672.78000000,16991.87000000,16605.28000000,16831.85000000,16730.93600000,16891.22900000,16759.75100000,54.12408009,-677.96133755,-809.85643255
20230106 00:00:00,16831.85000000,17176.99000000,16679.00000000,17127.83000000,16789.27800000,16891.15600000,16820.00200000,61.85043415,-611.15531526,-770.11620909
20230109 00:00:00,17127.83000000,18000.00000000,17104.66000000,17943.26000000,17036.65800000,16964.49900000,16876.56100000,62.86484667,-486.80113465,-713.45319420
20230112 00:00:00,17943.26000000,21258.00000000,17892.05000000,20954.92000000,17906.14600000,17324.35700000,17079.27850000,85.30744752,-143.57867253,-599.47828987
20230115 00:00:00,20952.76000000,21647.45000000,20551.01000000,21134.81000000,18798.53400000,17764.01700000,17300.99650000,85.24634151,141.31423851,-451.31978419
20230118 00:00:00,21132.29000000,22755.93000000,20407.15000000,22667.21000000,19965.60600000,18348.27100000,17645.29250000,88.29165163,485.15325156,-264.02517704
20230121 00:00:00,22666.00000000,23371.80000000,22292.37000000,22916.45000000,21123.33000000,18956.30400000,17961.16750000,88.55740957,768.89637288,-57.44086706
20230124 00:00:00,22917.81000000,23816.73000000,22300.00000000,23009.65000000,22136.60800000,19586.63300000,18290.21100000,88.47438018,989.87464317,152.02223499
20230127 00:00:00,23009.65000000,23960.54000000,22534.88000000,23742.30000000,22694.08400000,20300.11500000,18619.14400000,96.93568339,1210.17015814,363.65181962
20230130 00:00:00,23743.37000000,23812.66000000,22500.00000000,23732.66000000,23213.65400000,21006.09400000,18961.51700000,96.77326310,1368.20624357,564.56270441
20230202 00:00:00,23731.41000000,24255.00000000,23204.62000000,23326.84000000,23345.58000000,21655.59300000,19273.41100000,91.71993027,1444.05849006,740.46186154
20230205 00:00:00,23327.66000000,23433.33000000,22628.13000000,23240.46000000,23410.38200000,22266.85600000,19579.00600000,92.23428487,1480.13966905,888.39742304
20230208 00:00:00,23242.42000000,23452.00000000,21451.00000000,21625.19000000,23133.49000000,22635.04900000,19799.77400000,77.11709881,1362.68726320,983.25539107
20230211 00:00:00,21625.19000000,22090.00000000,21351.07000000,21773.97000000,22739.82400000,22716.95400000,20020.65550000,77.32150585,1267.00543795,1040.00540045
20230214 00:00:00,21774.63000000,25250.00000000,21532.77000000,23517.72000000,22696.83600000,22955.24500000,20359.63100000,80.61270557,1316.70480064,1095.34528049
20230217 00:00:00,23517.72000000,25192.00000000,23339.37000000,24271.76000000,22885.82000000,23115.70000000,20731.98550000,81.39319661,1400.78920389,1156.43406517
20230220 00:00:00,24272.51000000,25250.00000000,23574.69000000,24182.21000000,23074.17000000,23242.27600000,21099.29000000,79.28460319,1443.56029812,1213.85931176
20230223 00:00:00,24182.21000000,24599.59000000,22722.00000000,23157.07000000,23380.54600000,23257.01800000,21421.82550000,62.70605545,1378.84203522,1246.85585645
20230226 00:00:00,23157.07000000,23897.99000000,23020.97000000,23141.57000000,23654.06600000,23196.94500000,21748.53000000,61.80258218,1311.18707670,1259.72210050
20230301 00:00:00,23141.57000000,24000.00000000,21971.13000000,22354.34000000,23421.39000000,23059.11300000,22032.60350000,47.98309479,1180.43977785,1243.86563597
20230304 00:00:00,22354.34000000,22662.09000000,22157.08000000,22410.00000000,23049.03800000,22967.42900000,22311.51100000,46.65161895,1068.99024424,1208.89055762
20230307 00:00:00,22409.41000000,22557.91000000,20042.72000000,20362.22000000,22285.04000000,22679.60500000,22473.23050000,36.09132528,806.13433905,1128.33931391
20230310 00:00:00,20362.21000000,22150.00000000,19549.09000000,21997.11000000,22053.04800000,22716.79700000,22675.92300000,41.62530964,721.42496218,1046.95644356
20230313 00:00:00,21998.05000000,26386.87000000,21813.88000000,24285.66000000,22281.86600000,22967.96600000,22842.46000000,52.17744997,829.39824284,1003.44480342
20230316 00:00:00,24285.66000000,27756.84000000,24123.00000000,26907.49000000,23192.49600000,23306.94300000,23131.09400000,62.00404309,1113.68969359,1025.49378145
20230319 00:00:00,26907.49000000,28472.00000000,26827.22000000,28105.47000000,24331.59000000,23690.31400000,23403.00700000,65.17853856,1419.29889638,1104.25480444
20230322 00:00:00,28107.81000000,28868.05000000,26601.80000000,27454.47000000,25750.04000000,24017.54000000,23629.90800000,69.35136054,1590.63033564,1201.52991068
20230325 00:00:00,27454.46000000,28194.40000000,26508.14000000,27124.91000000,26775.60000000,24414.32400000,23835.67100000,67.55274411,1680.44784121,1297.31349678
20230328 00:00:00,27124.90000000,29184.68000000,26631.78000000,28028.53000000,27524.17400000,24903.02000000,24049.98250000,65.66000085,1803.75092573,1398.60098257
20230331 00:00:00,28028.53000000,28819.71000000,27511.71000000,28171.87000000,27777.05000000,25484.77300000,24271.94300000,64.13940919,1891.23487029,1497.12776012
20230403 00:00:00,28171.87000000,28775.00000000,27200.24000000,28170.01000000,27789.95800000,26060.77400000,24514.10150000,64.54983019,1938.07551210,1585.31731051
20230406 00:00:00,28170.01000000,28182.05000000,27711.00000000,27938.38000000,27886.74000000,26818.39000000,24748.99750000,68.51723761,1934.21008317,1655.09586504
20230409 00:00:00,27938.38000000,30550.00000000,27800.00000000,30200.42000000,28501.84200000,27638.72100000,25177.75900000,73.28582164,2089.58696839,1741.99408571
20230412 00:00:00,30200.43000000,31000.00000000,29637.40000000,30466.93000000,28989.52200000,28256.84800000,25612.40700000,77.71403194,2208.76809535,1835.34888764
20230415 00:00:00,30466.93000000,30595.60000000,29240.65000000,29430.27000000,29241.20200000,28509.12600000,25908.03450000,72.47601210,2194.27595157,1907.13430043
20230418 00:00:00,29430.27000000,30485.00000000,28010.00000000,28243.65000000,29255.93000000,28522.94400000,26106.62900000,76.70568558,2063.25656881,1938.35875410
20230421 00:00:00,28243.65000000,28374.02000000,27125.00000000,27590.60000000,29186.37400000,28536.55700000,26277.04850000,70.30415449,1884.99800320,1927.68660392
20230424 00:00:00,27590.59000000,30036.00000000,26942.82000000,28415.29000000,28829.34800000,28665.59500000,26539.95950000,66.77294546,1789.64251158,1900.07778545
20230427 00:00:00,28415.29000000,29890.00000000,28378.86000000,29230.45000000,28582.05200000,28785.78700000,26844.40350000,61.05779667,1759.56601516,1871.97543140
20230430 00:00:00,29230.45000000,29969.39000000,27666.95000000,28669.86000000,28429.97000000,28835.58600000,27160.17950000,52.86018205,1671.23034401,1831.82641392
20230503 00:00:00,28669.85000000,29677.00000000,28113.69000000,29505.61000000,28682.36200000,28969.14600000,27514.96000000,60.20358011,1649.64564047,1795.39025923
20230506 00:00:00,29505.60000000,29820.00000000,27262.00000000,27668.79000000,28698.00000000,28942.18700000,27880.28850000,52.35276000,1467.40821586,1729.79385056
20230509 00:00:00,27668.80000000,28331.42000000,26702.05000000,26968.62000000,28408.66600000,28619.00700000,28128.86400000,45.33280375,1252.05298900,1634.24567824
20230512 00:00:00,26968.61000000,27200.00000000,25811.46000000,26917.62000000,27946.10000000,28264.07600000,28260.46200000,44.43176723,1064.99059771,1520.39466214
20230515 00:00:00,26917.61000000,27663.59000000,26544.71000000,27405.61000000,27693.25000000,28061.61000000,28285.36800000,46.74686858,945.22307635,1405.36034498
20230518 00:00:00,27405.62000000,27485.33000000,26361.20000000,27102.43000000,27212.61400000,27947.48800000,28235.21600000,46.46390129,816.43105163,1287.57448631
20230521 00:00:00,27102.42000000,27495.83000000,26538.21000000,27219.61000000,27122.77800000,27910.38900000,28223.47300000,34.59588626,715.56925389,1173.17343982
20230524 00:00:00,27219.61000000,27219.61000000,25871.89000000,26705.92000000,27070.23800000,27739.45200000,28202.52350000,31.04816806,587.41372285,1056.02149643
20230527 00:00:00,26705.93000000,28447.14000000,26551.00000000,27736.40000000,27233.99400000,27590.04700000,28187.91700000,41.45922349,562.51632705,957.32046255
20230530 00:00:00,27736.39000000,28038.59000000,26605.05000000,26817.93000000,27116.45800000,27404.85400000,28120.22000000,42.61148689,463.33111579,858.52259320
20230602 00:00:00,26817.93000000,27455.02000000,26505.00000000,27115.21000000,27119.01400000,27165.81400000,28067.48000000,47.44206318,404.05642188,767.62935894
20230605 00:00:00,27115.20000000,27391.77000000,25351.02000000,26339.34000000,26942.96000000,27032.86900000,27987.52800000,38.77091575,291.11873951,672.32723505
20230608 00:00:00,26339.34000000,26810.00000000,25358.00000000,25841.21000000,26770.01800000,26920.12800000,27769.56750000,31.01606435,159.58034177,569.77785640
20230611 00:00:00,25841.22000000,26433.21000000,25602.11000000,25934.25000000,26409.58800000,26821.79100000,27542.93350000,33.83027645,62.12660744,468.24760661
20230614 00:00:00,25934.24000000,26518.00000000,24800.00000000,26345.00000000,26315.00200000,26715.73000000,27388.67000000,30.32990833,17.83235283,378.16455585
20230617 00:00:00,26345.01000000,27068.09000000,26181.00000000,26844.35000000,26260.83000000,26689.92200000,27318.70500000,43.84432053,22.75984733,307.08361415
20230620 00:00:00,26844.35000000,30800.00000000,26652.00000000,29884.92000000,26969.94600000,26956.45300000,27433.42100000,66.13536823,268.91364106,299.44961953
20230623 00:00:00,29884.92000000,31431.94000000,29800.00000000,30462.66000000,27894.23600000,27332.12700000,27535.78950000,68.53379229,504.79215591,340.51812681
20230626 00:00:00,30462.67000000,30994.97000000,29858.80000000,30077.41000000,28722.86800000,27566.22800000,27578.13750000,64.12010172,653.11244924,403.03699129
20230629 00:00:00,30077.40000000,31282.00000000,29500.00000000,30585.90000000,29571.04800000,27943.02500000,27673.93950000,68.01865038,802.43823519,482.91724007
20230702 00:00:00,30585.90000000,31380.00000000,30155.00000000,30766.51000000,30355.48000000,28308.15500000,27736.98450000,68.22714323,924.69441239,571.27267454
20230705 00:00:00,30766.52000000,31500.00000000,29701.02000000,30344.70000000,30447.43600000,28708.69100000,27870.78000000,68.87757008,976.29267757,652.27667514
20230708 00:00:00,30344.70000000,31045.78000000,29950.00000000,30411.57000000,30437.21800000,29165.72700000,28042.92750000,65.42021597,1010.92718531,724.00677718
20230711 00:00:00,30411.57000000,31804.20000000,30210.00000000,31454.23000000,30712.58200000,29717.72500000,28269.75800000,76.34734418,1109.71710236,801.14884221
20230714 00:00:00,31454.23000000,31630.00000000,29900.00000000,30231.99000000,30641.80000000,30106.42400000,28411.07700000,66.02724567,1076.96963450,856.31300067
20230717 00:00:00,30232.00000000,30336.96000000,29512.00000000,29909.21000000,30470.34000000,30412.91000000,28551.41600000,69.25435990,1013.29079632,887.70855980
20230720 00:00:00,29909.21000000,30417.46000000,29570.96000000,29794.00000000,30360.20000000,30403.81800000,28680.13550000,72.23824371,942.66195392,898.69923863
20230723 00:00:00,29793.99000000,30350.00000000,28861.90000000,29228.91000000,30123.66800000,30280.44300000,28806.28500000,67.60077013,831.50497535,885.26038597
20230726 00:00:00,29228.91000000,29690.00000000,29083.85000000,29314.14000000,29695.65000000,30204.11600000,28885.17200000,66.43332337,741.73930867,856.55617051
20230729 00:00:00,29314.14000000,29530.00000000,29033.24000000,29232.25000000,29495.70200000,30068.75100000,29005.88800000,63.85665077,656.42467740,816.52987189
20230801 00:00:00,29232.26000000,30047.50000000,28585.70000000,29193.64000000,29352.58800000,29911.46400000,29109.80950000,43.84377538,579.02210673,769.02831886
20230804 00:00:00,29193.65000000,29333.08000000,28807.54000000,29088.42000000,29211.47200000,29785.83600000,29247.26350000,36.63700223,503.38690626,715.90003634
20230807 00:00:00,29088.43000000,30244.00000000,28701.03000000,29581.99000000,29282.08800000,29702.87800000,29434.30250000,45.28196591,477.76506081,668.27304123
20230810 00:00:00,29581.99000000,29738.00000000,29252.45000000,29430.17000000,29305.29400000,29500.47200000,29609.09850000,38.19143741,440.13535215,622.64550342
20230813 00:00:00,29430.18000000,29695.32000000,29059.60000000,29200.00000000,29298.84400000,29397.27300000,29751.84850000,34.15480350,387.27645958,575.57169465
20230816 00:00:00,29200.01000000,29259.85000000,25166.00000000,26054.00000000,28670.91600000,29011.75200000,29712.33100000,22.01970431,90.48642740,478.55464120
20230819 00:00:00,26054.00000000,26299.00000000,25801.09000000,26126.92000000,28078.61600000,28645.04400000,29524.43100000,22.08118685,-137.25557989,355.39259698
20230822 00:00:00,26126.92000000,26819.27000000,25300.00000000,26180.05000000,27398.22800000,28340.15800000,29310.30050000,10.54552146,-309.88347073,222.33738344
20230825 00:00:00,26180.05000000,26314.05000000,25777.15000000,26101.77000000,26732.54800000,28018.92100000,29111.51850000,12.72310791,-447.84636560,88.30063363
20230828 00:00:00,26101.78000000,28142.85000000,25864.50000000,27299.99000000,26352.54600000,27825.69500000,28947.22300000,29.66427449,-455.24878903,-20.40925090
20230831 00:00:00,27299.99000000,27587.51000000,25333.75000000,25869.51000000,26315.64800000,27493.28200000,28702.37300000,24.61726923,-569.97275282,-130.32195129
20230903 00:00:00,25869.52000000,26135.00000000,25562.62000000,25792.10000000,26248.68400000,27163.65000000,28474.74300000,26.27479135,-659.53594094,-236.16474922
20230906 00:00:00,25792.11000000,26445.50000000,25372.51000000,25910.50000000,26194.77400000,26796.50100000,28249.68950000,26.61088602,-712.74543658,-331.48088669
20230909 00:00:00,25910.50000000,26033.66000000,24901.00000000,25162.52000000,26006.92400000,26369.73600000,27935.10400000,24.37910859,-805.97925297,-426.38055994
20230912 00:00:00,25162.53000000,26860.49000000,25131.48000000,26522.73000000,25851.47200000,26102.00900000,27749.64100000,35.58417109,-761.33396094,-493.37124014
20230915 00:00:00,26522.73000000,26888.00000000,26224.00000000,26527.51000000,25983.07200000,26149.36000000,27580.55600000,36.02637458,-717.29797475,-538.15658706
20230918 00:00:00,26527.50000000,27483.57000000,26377.35000000,27125.00000000,26249.65200000,26249.16800000,27447.10600000,36.74375141,-626.95949013,-555.91716768
20230921 00:00:00,27125.01000000,27159.60000000,26377.70000000,26575.96000000,26382.74400000,26288.75900000,27314.45850000,35.23355038,-592.83470030,-563.30067420
20230924 00:00:00,26575.97000000,26738.54000000,25990.46000000,26221.67000000,26594.57400000,26300.74900000,27159.83500000,34.78678835,-587.60525299,-568.16158996
20230927 00:00:00,26221.68000000,27308.48000000,26112.06000000,26906.96000000,26671.42000000,26261.44600000,27043.57050000,55.81993253,-522.14474296,-558.95822056
20230930 00:00:00,26906.96000000,28580.00000000,26886.31000000,27494.51000000,26864.82000000,26423.94600000,26958.61400000,58.71903909,-418.03756566,-530.77408958
20231003 00:00:00,27494.51000000,28120.39000000,27160.50000000,27410.39000000,26921.89800000,26585.77500000,26874.71250000,57.81313107,-338.41857985,-492.30298763
20231006 00:00:00,27410.39000000,28295.00000000,27175.94000000,27917.05000000,27190.11600000,26786.43000000,26791.46550000,60.93289263,-231.76508864,-440.19540783
20231009 00:00:00,27917.06000000,27987.93000000,26538.66000000,26875.52000000,27320.88600000,26957.73000000,26663.73300000,47.39436455,-228.64847770,-397.88602181
20231012 00:00:00,26875.52000000,27130.00000000,26555.00000000,26852.48000000,27309.99000000,26990.70500000,26546.35700000,57.29445412,-225.43895656,-363.39660876
20231015 00:00:00,26852.48000000,30000.00000000,26808.25000000,28395.91000000,27490.27000000,27177.54500000,26663.45250000,65.86951672,-97.23264848,-310.16381670
20231018 00:00:00,28395.91000000,30207.55000000,28100.66000000,29669.04000000,27942.00000000,27431.94900000,26840.55850000,70.08080320,105.88218149,-226.95461706
20231021 00:00:00,29669.05000000,34741.91000000,29464.77000000,33069.99000000,28972.58800000,28081.35200000,27185.05550000,82.91621953,535.11195219,-74.54130321
20231024 00:00:00,33069.99000000,35280.00000000,32832.34000000,34151.66000000,30427.81600000,28874.35100000,27587.55000000,82.51065161,951.59200670,130.68535877
20231027 00:00:00,34151.66000000,34750.11000000,33390.95000000,34525.89000000,31962.49800000,29636.24400000,27948.84500000,83.04454812,1296.90279576,363.92884617
20231030 00:00:00,34525.88000000,35582.00000000,34025.00000000,35421.43000000,33367.60200000,30428.93600000,28426.44100000,83.45207883,1624.10500605,615.96407814
20231102 00:00:00,35421.43000000,35984.99000000,34120.00000000,35062.07000000,34446.20800000,31194.10400000,28889.93950000,84.74840694,1833.28480037,859.42822259
20231105 00:00:00,35062.06000000,35888.00000000,34448.00000000,35399.12000000,34912.03400000,31942.31100000,29364.37050000,87.63239582,2003.16714862,1088.17600779
20231108 00:00:00,35399.13000000,37972.24000000,35100.00000000,37301.63000000,35542.02800000,32984.92200000,29971.32600000,88.75493353,2265.20491834,1323.58178990
20231111 00:00:00,37301.63000000,37417.99000000,36333.00000000,36462.93000000,35929.43600000,33945.96700000,30468.33600000,82.82269256,2377.78602091,1534.42263611
20231114 00:00:00,36462.93000000,37980.00000000,34800.00000000,36163.51000000,36077.85200000,34722.72700000,30950.13600000,81.53772874,2415.00795573,1710.53970003
20231117 00:00:00,36163.51000000,37500.00000000,35861.10000000,37359.86000000,36537.41000000,35491.80900000,31461.87900000,82.41184987,2512.08430973,1870.84862197
20231120 00:00:00,37359.85000000,37861.10000000,35632.01000000,37408.34000000,36939.25400000,35925.64400000,32003.49800000,88.79817532,2563.38089124,2009.35507583
20231123 00:00:00,37408.35000000,38414.00000000,36870.00000000,37780.67000000,37035.06200000,36288.54500000,32581.44800000,89.24467524,2604.05974124,2128.29600891
20231126 00:00:00,37780.67000000,38377.00000000,36707.00000000,37818.87000000,37306.25000000,36617.84300000,33127.04350000,87.94097562,2609.30203408,2224.49721394
20231129 00:00:00,37818.88000000,38999.00000000,37500.00000000,38682.52000000,37810.05200000,36943.95200000,33686.44400000,87.52977073,2652.56876455,2310.11152406
20231202 00:00:00,38682.51000000,42420.00000000,38641.61000000,41991.10000000,38736.30000000,37636.85500000,34415.47950000,87.43310504,2920.17080392,2432.12338004
20231205 00:00:00,41991.10000000,44488.00000000,41414.00000000,43273.14000000,39909.26000000,38424.25700000,35183.28400000,87.64092423,3198.82321877,2585.46334778
20231208 00:00:00,43273.15000000,44700.00000000,43081.10000000,43789.51000000,41111.02800000,39073.04500000,36028.98350000,87.78422949,3421.87872079,2752.74642238
20231211 00:00:00,43789.50000000,43804.50000000,40222.00000000,42869.03000000,42121.06000000,39713.65500000,36829.81100000,80.31541447,3484.21293210,2899.03972433
20231214 00:00:00,42869.03000000,43420.00000000,41400.00000000,42278.03000000,42840.16200000,40325.10700000,37523.91700000,78.82887634,3446.19884773,3008.47154901
20231217 00:00:00,42278.02000000,43497.00000000,40542.93000000,42275.99000000,42897.14000000,40816.72000000,38154.26450000,78.22982476,3376.98007680,3082.17325457
20231220 00:00:00,42275.99000000,44398.26000000,42206.00000000,43969.04000000,43036.32000000,41472.79000000,38699.21700000,77.84889593,3419.32286224,3149.60317610
20231223 00:00:00,43969.04000000,43988.68000000,42500.00000000,43576.13000000,42993.64400000,42052.33600000,39170.44050000,80.86013762,3382.18751906,3196.12004469
20231226 00:00:00,43576.12000000,43787.57000000,41637.60000000,42563.76000000,42932.59000000,42526.82500000,39572.33400000,76.14940533,3233.79056907,3203.65414957
20231229 00:00:00,42563.76000000,43111.00000000,41300.00000000,42283.58000000,42933.70000000,42886.93100000,39915.44150000,71.74465274,3058.32229691,3174.58777904
20240101 00:00:00,42283.58000000,45879.63000000,40750.00000000,42845.23000000,43047.54800000,42972.34400000,40304.59950000,72.96983063,2930.79846777,3125.82991678
20240104 00:00:00,42845.23000000,44729.58000000,42450.00000000,43968.32000000,43047.40400000,43041.86200000,40733.05950000,74.58224115,2887.07844815,3078.07962306
20240107 00:00:00,43968.32000000,47972.00000000,43175.00000000,46110.00000000,43554.17800000,43273.91100000,41173.47800000,78.22206822,2990.76996044,3060.61769053
20240110 00:00:00,46110.00000000,48969.48000000,41500.00000000,42782.73000000,43597.97200000,43265.28100000,41489.46800000,61.95207638,2772.50365285,3002.99488300
20240113 00:00:00,42782.74000000,43400.43000000,41718.05000000,42511.10000000,43643.47600000,43288.58800000,41806.84750000,51.84191287,2548.23331326,2912.04256905
20240116 00:00:00,42511.10000000,43578.01000000,40683.28000000,41327.50000000,43339.93000000,43193.73900000,42005.22950000,43.05987164,2249.06500374,2779.44705599
20240119 00:00:00,41327.51000000,42196.86000000,40280.00000000,41580.33000000,42862.33200000,42954.86800000,42213.82900000,41.96882602,2009.21228256,2625.40010130
20240122 00:00:00,41580.32000000,41689.65000000,38555.00000000,40084.88000000,41657.30800000,42605.74300000,42329.03950000,40.28474221,1679.10132116,2436.14034527
20240125 00:00:00,40084.89000000,42246.82000000,39550.00000000,42120.63000000,41524.88800000,42561.43000000,42544.12750000,49.50106191,1563.72833064,2261.65794235
20240128 00:00:00,42120.63000000,43882.36000000,41620.81000000,42941.10000000,41610.88800000,42627.18200000,42757.05650000,52.00431776,1520.96671892,2113.51969766
20240131 00:00:00,42941.10000000,43745.11000000,41884.28000000,43200.00000000,41985.38800000,42662.65900000,42817.50150000,47.46321691,1490.78406906,1988.97257194
20240203 00:00:00,43199.99000000,43569.76000000,42222.00000000,42708.70000000,42211.06200000,42536.69700000,42789.27950000,47.15711742,1410.95567878,1873.36919331
20240206 00:00:00,42708.70000000,45614.30000000,42574.00000000,45288.65000000,43251.81600000,42454.56200000,42864.23650000,58.09834312,1538.14077838,1806.32351032
20240209 00:00:00,45288.66000000,48592.66000000,45242.12000000,48299.99000000,44487.68800000,43006.28800000,43135.78450000,65.38337430,1860.47940880,1817.15469002
20240212 00:00:00,48300.00000000,52043.71000000,47710.01000000,51795.17000000,46258.50200000,43934.69500000,43611.64150000,69.89897921,2370.63965304,1927.85168262
20240215 00:00:00,51795.17000000,52816.62000000,50625.00000000,51642.64000000,47947.03000000,44966.20900000,44079.97400000,67.83242587,2731.15437827,2088.51222175
20240218 00:00:00,51642.64000000,52985.00000000,50760.37000000,52258.82000000,49857.05400000,46034.05800000,44494.46300000,65.37790898,3031.63862877,2277.13750315
20240221 00:00:00,52258.82000000,52366.80000000,50521.00000000,50744.15000000,50948.15400000,47099.98500000,44852.86400000,71.89635958,3111.68379791,2444.04676211
20240224 00:00:00,50744.15000000,54910.00000000,50585.00000000,54476.47000000,52183.45000000,48335.56900000,45448.49950000,77.64581823,3436.67139428,2642.57168854
20240227 00:00:00,54476.48000000,64000.00000000,54450.13000000,61130.98000000,54050.61200000,50154.55700000,46390.86950000,86.52244924,4182.97106215,2950.65156326
20240301 00:00:00,61130.99000000,63231.88000000,60777.00000000,63113.97000000,56344.87800000,52145.95400000,47404.30650000,87.33094696,4878.19682972,3336.16061656
20240304 00:00:00,63113.97000000,69000.00000000,59005.00000000,66074.04000000,59107.92200000,54482.48800000,48509.59250000,92.87768559,5603.42833617,3789.61416048
20240307 00:00:00,66074.04000000,69990.00000000,65551.00000000,68313.27000000,62621.74600000,56784.95000000,49619.75600000,92.92518692,6286.40095989,4288.97152036
20240310 00:00:00,68313.28000000,73000.00000000,67024.96000000,71452.01000000,66016.85400000,59100.15200000,51053.22000000,93.42480225,7000.23739205,4831.22469470
20240313 00:00:00,71452.00000000,73777.00000000,65600.00000000,69499.85000000,67690.62800000,60870.62000000,52402.65750000,88.09235029,7324.00830166,5329.78141609
20240316 00:00:00,69499.84000000,70043.00000000,64533.00000000,67609.99000000,68589.83200000,62467.35500000,53716.78200000,84.66241255,7343.45242398,5732.51561767
20240319 00:00:00,67610.00000000,68240.47000000,60775.00000000,65501.27000000,68475.27800000,63791.60000000,54912.82900000,78.50983822,7106.78337539,6007.36916921
20240322 00:00:00,65501.28000000,67628.69000000,62260.00000000,67209.99000000,68254.62200000,65438.18400000,56269.08450000,77.69001707,6976.67807093,6201.23094956
20240325 00:00:00,67210.00000000,71769.54000000,66385.06000000,69469.99000000,67858.21800000,66937.53600000,57636.55250000,76.85269532,6975.52231307,6356.08922226
20240328 00:00:00,69469.99000000,71552.06000000,68903.62000000,69582.18000000,67874.68400000,67782.65600000,58968.60650000,77.28832298,6904.07330263,6465.68603833
20240331 00:00:00,69582.17000000,71366.00000000,64550.00000000,65463.99000000,67445.48400000,68017.65800000,60081.80600000,68.15274891,6440.89925396,6460.72868146
20240403 00:00:00,65463.99000000,69309.91000000,64493.07000000,67820.62000000,67909.35400000,68192.31600000,61337.40200000,72.94340648,6192.60631835,6407.10420884
20240406 00:00:00,67820.63000000,72797.99000000,67447.83000000,71620.00000000,68791.35600000,68522.98900000,62653.96950000,72.99207460,6230.58824837,6371.80101674
20240409 00:00:00,71620.00000000,71758.19000000,67518.00000000,70006.23000000,68898.60400000,68378.41100000,63739.28150000,63.76406803,6060.60852688,6309.56251877
20240412 00:00:00,70006.22000000,71227.46000000,60660.57000000,65661.84000000,68114.53600000,67994.61000000,64432.61500000,53.68167493,5511.80574194,6150.01116341
20240415 00:00:00,65661.85000000,66867.07000000,59678.16000000,61277.37000000,67277.21200000,67361.34800000,64914.35150000,43.34284949,4669.26115839,5853.86116240
20240418 00:00:00,61277.38000000,65450.00000000,59600.01000000,64940.59000000,66701.20600000,67305.28000000,65548.44000000,45.49714236,4248.15960537,5532.72085099
20240421 00:00:00,64940.58000000,67232.35000000,64237.50000000,66414.00000000,65660.00600000,67225.68100000,66331.93250000,42.96074541,3987.36164097,5223.64900899
20240424 00:00:00,66414.00000000,67070.43000000,62794.00000000,63770.01000000,64412.76200000,66655.68300000,66796.60950000,42.14594207,3526.67615159,4884.25443751
20240427 00:00:00,63770.00000000,64370.00000000,61765.53000000,63866.00000000,64053.59400000,66084.06500000,66933.36050000,44.60256834,3133.20750719,4534.04505145
20240430 00:00:00,63866.00000000,64734.00000000,56552.82000000,59060.61000000,63610.24200000,65443.72700000,66730.69250000,41.38482504,2405.89232986,4108.41450713
20240503 00:00:00,59060.60000000,64646.00000000,58811.32000000,64012.00000000,63424.52400000,65062.86500000,66627.59050000,46.06376136,2203.62360313,3727.45632633
20240506 00:00:00,64012.00000000,65500.00000000,60888.00000000,61193.03000000,62380.33000000,64020.16800000,66271.57850000,39.95060389,1795.16333457,3340.99772798
20240509 00:00:00,61193.03000000,63469.13000000,60187.12000000,60825.99000000,61791.52600000,63102.14400000,65740.27750000,39.43413771,1425.40735967,2957.87965432
20240512 00:00:00,60825.99000000,63450.00000000,60610.00000000,61577.49000000,61333.82400000,62693.70900000,65344.15950000,44.89552540,1179.41726697,2602.18717685
20240515 00:00:00,61577.49000000,67451.20000000,61319.47000000,67024.00000000,62926.50200000,63268.37200000,65314.86000000,49.03227499,1407.72876395,2363.29549427
20240518 00:00:00,67024.00000000,71515.56000000,65857.25000000,71446.62000000,64413.42600000,63918.97500000,65612.12750000,49.79252159,1923.36439533,2275.30927448
20240521 00:00:00,71446.62000000,71979.00000000,66312.16000000,67969.65000000,65768.75000000,64074.54000000,65650.11050000,47.66692649,2028.06861484,2225.86114255
20240524 00:00:00,67969.66000000,69610.00000000,66600.12000000,68507.67000000,67305.08600000,64548.30600000,65601.99450000,53.57161952,2129.90891656,2206.67069735
20240527 00:00:00,68507.67000000,70687.56000000,67124.65000000,67652.42000000,68520.07200000,64926.94800000,65505.50650000,58.77857697,2117.20078923,2188.77671573
20240530 00:00:00,67652.41000000,69500.00000000,66670.00000000,67766.85000000,68668.64200000,65797.57200000,65620.64950000,54.31338877,2092.24495399,2169.47036338
20240602 00:00:00,67766.84000000,71063.45000000,67257.47000000,70537.84000000,68486.88600000,66450.15600000,65756.51050000,56.05395451,2269.89704940,2189.55570058
20240605 00:00:00,70537.83000000,71997.02000000,68420.00000000,69355.60000000,68764.07600000,67266.41300000,65643.29050000,58.56756278,2288.90564781,2209.42569003
20240608 00:00:00,69355.60000000,70195.94000000,69130.24000000,69540.00000000,68970.54200000,68137.81400000,65619.97900000,58.67963135,2292.42400101,2226.02535222
20240611 00:00:00,69540.00000000,69999.00000000,66051.00000000,66773.01000000,68794.66000000,68657.36600000,65675.53750000,62.58250314,2048.32750848,2190.48578348
20240614 00:00:00,66773.01000000,67370.24000000,65078.00000000,66676.87000000,68576.66400000,68622.65300000,65945.51250000,55.16606461,1826.07176638,2117.60298006
20240617 00:00:00,66676.86000000,67298.81000000,64060.00000000,64974.37000000,67463.97000000,67975.42800000,65947.20150000,57.66210345,1495.31787423,1993.14595889
20240620 00:00:00,64974.37000000,66482.94000000,63379.35000000,64262.01000000,66445.25200000,67604.66400000,65839.60200000,56.86629428,1162.31311117,1826.97938935
20240623 00:00:00,64262.01000000,64521.00000000,58402.00000000,61806.01000000,64898.45400000,66934.49800000,65741.40200000,50.42753304,692.24598214,1600.03270791
20240626 00:00:00,61806.01000000,62487.81000000,60063.00000000,60427.84000000,63629.42000000,66212.04000000,65569.49400000,35.44349051,206.13143966,1321.25245426
20240629 00:00:00,60427.84000000,63861.76000000,60383.77000000,62899.99000000,62874.04400000,65725.35400000,65761.46300000,29.36255621,20.13193840,1061.02835108
20240702 00:00:00,62900.00000000,63288.83000000,56771.00000000,57050.01000000,61289.17200000,64376.57100000,65413.36350000,26.34354465,-592.48866160,730.32494855
20240705 00:00:00,57050.02000000,58475.00000000,53485.93000000,55857.81000000,59608.33200000,63026.79200000,65146.60250000,23.35053805,-1160.81433212,352.09709241
20240708 00:00:00,55857.81000000,59470.00000000,54260.16000000,57725.85000000,58792.30000000,61845.37700000,64991.59550000,29.94355990,-1443.83764285,-7.08985464
20240711 00:00:00,57725.85000000,59850.00000000,56542.47000000,59204.02000000,58547.53600000,61088.47800000,64872.92200000,33.60260096,-1531.20886757,-311.91365722
20240714 00:00:00,59204.01000000,65388.97000000,59194.01000000,65043.99000000,58976.33600000,60925.19000000,64773.92150000,40.58605224,-1116.34587990,-472.80010176
20240717 00:00:00,65044.00000000,67386.00000000,63238.48000000,66660.00000000,60898.33400000,61093.75300000,64534.59050000,45.44863283,-649.67640660,-508.17536273
20240720 00:00:00,66660.01000000,68474.55000000,65777.00000000,67532.01000000,63233.17400000,61420.75300000,64512.70850000,46.68656060,-207.08640437,-447.95757106
20240723 00:00:00,67532.00000000,67750.98000000,63456.70000000,65799.95000000,64847.99400000,61820.14700000,64377.32250000,48.33754531,3.86207492,-357.59364186
20240726 00:00:00,65799.95000000,69399.99000000,65722.63000000,68249.88000000,66657.16600000,62602.35100000,64407.19550000,52.48740099,364.52709915,-213.16949366
20240729 00:00:00,68249.88000000,70079.99000000,64530.00000000,64628.00000000,66573.96800000,62775.15200000,64250.25300000,49.48362992,354.02035632,-99.73152366
20240801 00:00:00,64628.01000000,65659.78000000,59850.00000000,60697.99000000,65381.56600000,63139.95000000,63758.26050000,45.15186124,28.24908652,-74.13540163
20240804 00:00:00,60697.99000000,61117.63000000,49000.00000000,56022.01000000,63079.56600000,63156.37000000,63091.58100000,42.58015587,-600.31939082,-179.37219946
20240807 00:00:00,56022.00000000,62745.14000000,54558.62000000,60837.99000000,62087.17400000,63467.58400000,62656.48050000,50.48350359,-701.76558370,-283.85087631
20240810 00:00:00,60837.99000000,61858.00000000,57642.21000000,59346.64000000,60306.52600000,63481.84600000,62285.16200000,45.71199151,-892.21698173,-405.52409740
20240813 00:00:00,59346.64000000,61800.00000000,56078.54000000,57541.06000000,58889.13800000,62731.55300000,61828.37150000,50.65667411,-1175.29819692,-559.47891730
20240816 00:00:00,57541.05000000,60284.99000000,57098.62000000,58427.35000000,58435.01000000,61908.28800000,61501.02050000,53.46455517,-1312.99056556,-710.18124695
20240819 00:00:00,58427.35000000,61820.93000000,57787.30000000,61156.03000000,59461.81400000,61270.69000000,61345.72150000,54.52006778,-1188.23386787,-805.79177114
20240822 00:00:00,61156.03000000,64955.00000000,59724.87000000,64157.01000000,60125.61800000,61106.39600000,61463.27150000,56.27489598,-837.55447375,-812.14431166
20240825 00:00:00,64157.02000000,65000.00000000,58034.01000000,59415.00000000,60139.29000000,60222.90800000,61412.62950000,42.66461639,-931.54088036,-836.02362540
20240828 00:00:00,59415.00000000,61166.99000000,57701.10000000,59123.99000000,60455.87600000,59672.50700000,61223.82950000,39.82823013,-1017.77557637,-872.37401559
20240831 00:00:00,59123.99000000,59462.38000000,57128.00000000,59132.13000000,60596.83200000,59515.92100000,61327.93550000,38.39150379,-1073.09044559,-912.51730159
20240903 00:00:00,59132.12000000,59809.65000000,55606.00000000,56180.00000000,59601.62600000,59531.72000000,61344.04500000,37.13908708,-1339.69690500,-997.95322227
20240906 00:00:00,56180.00000000,57008.00000000,52550.00000000,54869.95000000,57744.21400000,58934.91600000,61201.25000000,31.55004941,-1637.81482157,-1125.92554213
20240909 00:00:00,54869.95000000,58088.00000000,54591.96000000,57338.00000000,57328.81400000,58734.05200000,61107.94900000,39.61723044,-1655.83695198,-1231.90782410
20240912 00:00:00,57338.00000000,60625.00000000,57324.00000000,59993.03000000,57502.62200000,58979.24900000,60855.40100000,48.95812335,-1439.28965298,-1273.38418988
20240915 00:00:00,59993.02000000,61320.00000000,57493.30000000,60313.99000000,57738.99400000,59167.91300000,60538.10050000,57.28040618,-1227.62428023,-1264.23220795
20240918 00:00:00,60313.99000000,64133.32000000,59174.80000000,63201.05000000,59143.20400000,59372.41500000,60321.55250000,54.28909237,-817.49278557,-1174.88432347
20240921 00:00:00,63201.05000000,64745.88000000,62357.93000000,63339.99000000,60837.21200000,59290.71300000,60198.55450000,57.62237778,-475.76500160,-1035.06045910
20240924 00:00:00,63339.99000000,65839.00000000,62670.00000000,65173.99000000,62404.41000000,59866.61200000,60044.76000000,64.55370085,-56.30574063,-839.30951540
20240927 00:00:00,65173.99000000,66498.00000000,64819.90000000,65602.01000000,63526.20600000,60514.41400000,60093.46050000,63.92323558,307.11613894,-610.02438454
20240930 00:00:00,65602.01000000,65618.80000000,60000.00000000,60649.28000000,63593.26400000,60666.12900000,60091.02500000,49.09473720,193.25890910,-449.36772581
20241003 00:00:00,60649.27000000,62484.85000000,59828.11000000,62058.00000000,63364.65400000,61253.92900000,60392.82450000,46.02412788,214.22867023,-316.64844660
20241006 00:00:00,62058.01000000,64478.19000000,61798.97000000,62160.49000000,63128.75400000,61982.98300000,60458.94950000,56.30934494,236.39245835,-206.04026561
20241009 00:00:00,62160.50000000,63417.56000000,58946.00000000,62540.00000000,62601.95600000,62503.18300000,60618.61750000,57.81844865,281.33762045,-108.56468840
20241012 00:00:00,62539.99000000,66500.00000000,62050.00000000,66083.99000000,62698.35200000,63112.27900000,61045.76400000,63.69464117,596.05639281,32.35952784
20241015 00:00:00,66084.00000000,68424.00000000,64800.01000000,67421.78000000,64052.85200000,63823.05800000,61495.48550000,73.64963854,942.55655471,214.39893322
20241018 00:00:00,67421.78000000,69400.00000000,67192.36000000,69031.99000000,65447.65000000,64406.15200000,61889.28350000,79.42150203,1331.73945586,437.86703775
20241021 00:00:00,69032.00000000,69519.52000000,65260.00000000,66668.65000000,66349.28200000,64739.01800000,62014.86550000,69.46903929,1432.94976923,636.88358404
20241024 00:00:00,66668.65000000,68850.00000000,65596.29000000,67092.76000000,67259.83400000,64930.89500000,62398.75350000,66.33483451,1529.74782365,815.45643197
20241027 00:00:00,67092.76000000,73620.12000000,66913.73000000,72736.42000000,68590.32000000,65644.33600000,63079.37500000,72.95809913,2038.36022727,1060.03719103
20241030 00:00:00,72736.41000000,72961.00000000,68820.14000000,69496.01000000,69005.16600000,66529.00900000,63597.56900000,61.48383387,2155.12230728,1279.05421428
20241102 00:00:00,69496.00000000,69914.37000000,66835.00000000,67850.01000000,68768.77000000,67108.21000000,64181.06950000,57.79876037,2090.73792773,1441.39095697
20241105 00:00:00,67850.01000000,76849.99000000,67476.63000000,75857.89000000,70606.61800000,68477.95000000,65230.46650000,65.22406257,2655.27349442,1684.16746446
20241108 00:00:00,75857.89000000,81500.00000000,75555.00000000,80370.01000000,73262.06800000,70260.95100000,66382.06700000,68.84973717,3427.25510942,2032.78499345
20241111 00:00:00,80370.01000000,93265.64000000,80216.01000000,90375.20000000,76789.82400000,72690.07200000,67901.17550000,83.60727835,4791.16178659,2584.46035208
20241114 00:00:00,90375.21000000,91850.00000000,86668.21000000,90586.92000000,81008.00600000,75006.58600000,69414.82200000,83.15125213,5822.03884948,3231.97605156
20241117 00:00:00,90587.98000000,93905.51000000,88722.00000000,92310.79000000,85900.16200000,77334.46600000,70870.30900000,83.76308516,6700.87473808,3925.75578886
20241120 00:00:00,92310.80000000,99588.01000000,91500.00000000,98892.00000000,90506.98400000,80556.80100000,72647.90950000,85.74329174,7838.05493868,4708.21561883
20241123 00:00:00,98892.00000000,98908.85000000,92600.19000000,93010.01000000,93034.98400000,83148.52600000,74039.71050000,75.31140545,8170.46694840,5400.66588474
20241126 00:00:00,93010.01000000,97208.21000000,90791.10000000,95643.98000000,94088.74000000,85439.28200000,75541.80900000,75.89873156,8547.91023866,6030.11475553
20241129 00:00:00,95643.99000000,98619.99000000,95364.99000000,97185.18000000,95408.39200000,88208.19900000,77368.60400000,75.86816687,8869.16056306,6597.92391703
20241202 00:00:00,97185.17000000,99000.00000000,93578.17000000,98587.32000000,96663.69800000,91281.93000000,79195.07000000,79.85538243,9131.63098174,7104.66532997
20241205 00:00:00,98587.32000000,104088.00000000,90500.00000000,99831.99000000,96851.69600000,93679.34000000,81078.64500000,80.15993432,9332.49594246,7550.23145247
20241208 00:00:00,99831.99000000,101351.00000000,94150.05000000,96593.00000000,97568.29400000,95301.63900000,82781.29500000,72.99590757,9125.13457615,7865.21207721
20241211 00:00:00,96593.00000000,102540.00000000,95658.24000000,101424.25000000,98724.34800000,96406.54400000,84548.30800000,79.86057439,9244.08069001,8140.98579977
20241214 00:00:00,101424.24000000,107793.07000000,100609.41000000,106058.66000000,100499.04400000,97953.71800000,86480.15200000,83.84254838,9601.62296507,8433.11323283
20241217 00:00:00,106058.65000000,108353.00000000,95700.00000000,97461.86000000,100273.95200000,98468.82500000,87901.64550000,68.93771740,9086.54385904,8563.79935807
20241220 00:00:00,97461.86000000,99540.61000000,92232.54000000,95186.27000000,99344.80800000,98098.25200000,89327.52650000,63.51774538,8397.91294852,8530.62207616
20241223 00:00:00,95186.28000000,99569.15000000,92520.00000000,99429.60000000,99912.12800000,98740.21100000,90944.36850000,59.23143304,8101.18385396,8444.73443172
20241226 00:00:00,99429.61000000,99963.70000000,93500.01000000,95300.00000000,98687.27800000,98705.81300000,92072.54750000,54.44974246,7446.95582998,8245.17871137
20241229 00:00:00,95300.00000000,96250.00000000,91530.45000000,93576.00000000,96190.74600000,98344.89500000,93276.54700000,51.19451502,6711.99135729,7938.54124056
20250101 00:00:00,93576.00000000,98976.91000000,92888.00000000,98174.18000000,96333.21000000,98303.58100000,94792.75550000,49.29592523,6426.48094298,7636.12918104
20250104 00:00:00,98174.17000000,102480.00000000,97276.79000000,102235.60000000,97743.07600000,98543.94200000,96111.64100000,59.38407769,6453.54211761,7399.61176836
20250107 00:00:00,102235.60000000,102724.38000000,91203.67000000,92552.49000000,96367.65400000,98139.89100000,96720.76500000,47.24979357,5628.75742973,7045.44090063
20250110 00:00:00,92552.49000000,95836.00000000,92206.02000000,94545.06000000,96216.66600000,97451.97200000,96929.25800000,47.67004624,5077.36466937,6651.82565438
20250113 00:00:00,94545.07000000,100681.94000000,89256.69000000,100497.35000000,97600.93600000,96895.84100000,97424.77950000,51.56032370,5062.32664151,6333.92585181
20250116 00:00:00,100497.35000000,105865.22000000,97335.13000000,104556.23000000,98877.34600000,97605.27800000,98037.05150000,53.68963528,5316.63967791,6130.46861703
20250119 00:00:00,104556.23000000,109588.00000000,99550.00000000,106143.82000000,99658.99000000,98701.03300000,98399.64250000,57.65670200,5581.94465311,6020.76382424
20250122 00:00:00,106143.82000000,107120.00000000,101262.28000000,104870.50000000,102122.59200000,99245.12300000,98992.66700000,52.92993209,5624.61738692,5941.53453678
20250125 00:00:00,104870.51000000,105500.00000000,97777.77000000,102082.83000000,103630.14600000,99923.40600000,99314.60950000,46.51024720,5371.57400302,5827.54243003
20250128 00:00:00,102082.83000000,106457.44000000,100272.68000000,104722.94000000,104475.26400000,101038.10000000,99691.49750000,57.11763684,5322.71318654,5726.57658133
20250131 00:00:00,104722.94000000,106012.00000000,96150.00000000,97700.59000000,103104.13600000,100990.74100000,99647.16100000,52.25481675,4663.58675555,5513.97861618
20250203 00:00:00,97700.59000000,102500.01000000,91231.00000000,96612.43000000,101197.85800000,100428.42400000,99486.18300000,47.32204357,4007.22608448,5212.62810984
20250206 00:00:00,96612.44000000,100137.99000000,95620.34000000,96444.74000000,99512.70600000,100817.64900000,99478.77000000,51.17681189,3433.94001929,4856.89049173
20250209 00:00:00,96444.75000000,98478.42000000,94713.00000000,95778.20000000,98251.78000000,100940.96300000,99196.46750000,52.31421349,2892.47976857,4464.00834710
20250212 00:00:00,95778.21000000,98826.00000000,94088.23000000,97500.48000000,96807.28800000,100641.27600000,98768.55850000,49.24648767,2572.68589955,4085.74385759
20250215 00:00:00,97500.47000000,97972.26000000,95205.00000000,95780.00000000,96423.17000000,99763.65300000,98684.46550000,42.38062235,2155.57052184,3699.70919044
20250218 00:00:00,95780.01000000,98711.36000000,93388.09000000,98305.00000000,96761.68400000,98979.77100000,98840.40200000,58.17003471,2005.63031968,3360.89341629
20250221 00:00:00,98305.01000000,99475.00000000,94871.95000000,96258.00000000,96724.33600000,98118.52100000,98681.82200000,52.42905714,1702.00616905,3029.11596684
20250224 00:00:00,96258.00000000,96500.00000000,82256.01000000,84250.09000000,94418.71400000,96335.24700000,98129.32650000,30.33732559,486.83196363,2520.65916620
20250227 00:00:00,84250.09000000,87078.46000000,78258.52000000,86064.53000000,92131.52400000,94469.40600000,97753.75300000,26.33549472,-326.03388920,1951.32055512
20250302 00:00:00,86064.54000000,95000.00000000,81500.00000000,87281.98000000,90431.92000000,93427.54500000,97209.14300000,25.63094955,-862.06059567,1388.64432496
20250305 00:00:00,87281.98000000,92810.64000000,84667.03000000,86801.75000000,88131.27000000,92446.47700000,96437.45050000,26.16719572,-1310.50943298,848.81357337
20250308 00:00:00,86801.74000000,86897.25000000,77459.91000000,78595.86000000,84598.84200000,90661.58900000,95739.61900000,22.89476897,-2301.52456840,218.74594502
20250311 00:00:00,78595.86000000,84539.85000000,76606.00000000,81115.78000000,83971.98000000,89195.34700000,95068.15500000,22.68027517,-2850.71346858,-395.14593770
20250314 00:00:00,81115.78000000,85309.71000000,80818.84000000,82574.53000000,83273.98000000,87702.75200000,94172.01400000,29.90786292,-3132.13538789,-942.54382774
20250317 00:00:00,82574.52000000,87000.00000000,81134.66000000,86845.94000000,83186.77200000,86809.34600000,93286.49950000,38.03858862,-2976.18953677,-1349.27296954
20250320 00:00:00,86845.93000000,87453.67000000,83175.25000000,83840.59000000,82594.54000000,85362.90500000,92171.33800000,35.56643951,-3059.83606895,-1691.38558942
20250323 00:00:00,83840.59000000,88765.43000000,83809.75000000,87392.87000000,84353.94200000,84476.39200000,91297.45650000,40.99288934,-2807.12841104,-1914.53415375
20250326 00:00:00,87392.88000000,88275.00000000,83585.00000000,84424.38000000,85015.66200000,84493.82100000,90414.53400000,36.32052575,-2813.95063449,-2094.41744990
20250329 00:00:00,84424.38000000,84624.73000000,81278.52000000,82550.01000000,85010.75800000,84142.36900000,89305.88750000,36.20395554,-2936.75026101,-2262.88401212
20250401 00:00:00,82550.00000000,88500.00000000,81211.24000000,83213.09000000,84284.18800000,83735.48000000,88581.51250000,33.62656409,-2946.59828452,-2399.62686660
