20200302 000000,8530.30000000,9188.00000000,8000.00000000,8033.31000000,,,,,,,,,,,,
20200309 000000,8034.76000000,8179.31000000,3782.13000000,5361.30000000,,,,,,,,,,,,
20200316 000000,5360.33000000,6900.00000000,4442.12000000,5816.19000000,,,,,,,,,,,,
20200323 000000,5816.05000000,6957.96000000,5688.00000000,5881.42000000,,,,,,,,,,,,
20200330 000000,5880.50000000,7198.00000000,5857.76000000,6772.78000000,6373.00000000,,,,,,6373.00000000,,,,,
20200406 000000,6772.78000000,7459.69000000,6739.98000000,6903.79000000,6147.09600000,,,,,,6147.09600000,,,,,
20200413 000000,6903.79000000,7293.08000000,6468.27000000,7120.74000000,6498.98400000,,,,,,6498.98400000,,,,,
20200420 000000,7121.40000000,7738.00000000,6751.00000000,7693.10000000,6874.36600000,,,,,,6874.36600000,,,,,
20200427 000000,7693.10000000,9460.00000000,7606.00000000,8894.16000000,7476.91400000,,,,,,7476.91400000,,,,,
20200504 000000,8894.15000000,10067.00000000,8117.00000000,8722.77000000,7866.91200000,7119.95600000,,,,,7866.91200000,7119.95600000,,,,
20200511 000000,8722.77000000,9939.00000000,8200.00000000,9680.04000000,8422.16200000,7284.62900000,,,,,8422.16200000,7284.62900000,,,,
20200518 000000,9681.11000000,9950.00000000,8700.00000000,8720.34000000,8742.08200000,7620.53300000,,,,,8742.08200000,7620.53300000,,,,
20200525 000000,8718.14000000,9740.00000000,8642.72000000,9448.27000000,9093.11600000,7983.74100000,,,,,9093.11600000,7983.74100000,,,,
20200601 000000,9448.27000000,10380.00000000,9266.00000000,9746.99000000,9263.68200000,8370.29800000,,59.19368061,,,9263.68200000,8370.29800000,,59.19368061,,
20200608 000000,9746.99000000,9992.72000000,9113.00000000,9342.10000000,9387.54800000,8627.23000000,,56.72915658,,,9387.54800000,8627.23000000,,56.72915658,,
20200615 000000,9342.10000000,9589.00000000,8910.45000000,9294.69000000,9310.47800000,8866.32000000,,77.69926636,,,9310.47800000,8866.32000000,,77.69926636,,
20200622 000000,9294.69000000,9780.00000000,8833.00000000,9116.35000000,9389.68000000,9065.88100000,,74.18188586,,,9389.68000000,9065.88100000,,74.18188586,,
20200629 000000,9116.16000000,9292.00000000,8893.03000000,9069.41000000,9313.90800000,9203.51200000,,73.42274364,,,9313.90800000,9203.51200000,,73.42274364,,
20200706 000000,9069.41000000,9470.00000000,9055.92000000,9302.75000000,9225.06000000,9244.37100000,,70.57786251,,,9225.06000000,9244.37100000,,70.57786251,,
20200713 000000,9303.31000000,9343.82000000,9047.25000000,9208.99000000,9198.43800000,9292.99300000,8206.47450000,68.86397188,,,9198.43800000,9292.99300000,8206.47450000,68.86397188,,
20200720 000000,9208.99000000,10111.00000000,9131.00000000,9931.54000000,9325.80800000,9318.14300000,8301.38600000,71.24353428,,,9325.80800000,9318.14300000,8301.38600000,71.24353428,,
20200727 000000,9931.54000000,12123.46000000,9917.21000000,11071.35000000,9716.80800000,9553.24400000,8586.88850000,73.51523226,,,9716.80800000,9553.24400000,8586.88850000,73.51523226,,
20200803 000000,11071.36000000,11909.94000000,10936.00000000,11681.68000000,10239.26200000,9776.58500000,8880.16300000,71.14198514,,,10239.26200000,9776.58500000,8880.16300000,71.14198514,,
20200810 000000,11681.69000000,12067.35000000,11125.00000000,11911.00000000,10760.91200000,9992.98600000,9181.64200000,73.97053671,,,10760.91200000,9992.98600000,9181.64200000,73.97053671,,
20200817 000000,11910.99000000,12468.00000000,11376.81000000,11648.13000000,11248.74000000,10223.58900000,9425.40950000,66.52216034,,,11248.74000000,10223.58900000,9425.40950000,66.52216034,,
20200824 000000,11648.12000000,11824.90000000,11117.64000000,11711.16000000,11604.66400000,10465.23600000,9665.77800000,79.55799685,958.68256854,694.33212375,11604.66400000,10465.23600000,9665.77800000,79.55799685,958.68256854,694.33212375
20200831 000000,11711.17000000,12050.85000000,9825.00000000,10256.20000000,11441.63400000,10579.22100000,9822.55100000,56.98144055,865.00155556,728.46601012,11441.63400000,10579.22100000,9822.55100000,56.98144055,865.00155556,728.46601012
20200907 000000,10255.89000000,10580.11000000,9850.00000000,10332.83000000,11171.86400000,10705.56300000,9954.53750000,55.26438756,787.86011742,740.34483158,11171.86400000,10705.56300000,9954.53750000,55.26438756,787.86011742,740.34483158
20200914 000000,10332.84000000,11179.79000000,10212.34000000,10920.28000000,10973.72000000,10867.31600000,10055.84350000,63.73108928,765.30531411,745.33692808,10973.72000000,10867.31600000,10055.84350000,63.73108928,765.30531411,745.33692808
20200921 000000,10920.28000000,10988.86000000,10136.82000000,10774.25000000,10798.94400000,11023.84200000,10158.41750000,62.65585011,727.26362703,741.72226787,10798.94400000,11023.84200000,10158.41750000,62.65585011,727.26362703,741.72226787
20200928 000000,10774.26000000,10950.00000000,10374.00000000,10666.63000000,10590.03800000,11097.35100000,10207.74700000,63.42317443,680.58591064,729.49499643,10590.03800000,11097.35100000,10207.74700000,63.42317443,680.58591064,729.49499643
20201005 000000,10666.62000000,11491.00000000,10525.00000000,11369.02000000,10812.60200000,11127.11800000,10340.18100000,67.88163152,692.29019653,722.05403645,10812.60200000,11127.11800000,10340.18100000,67.88163152,692.29019653,722.05403645
20201012 000000,11369.02000000,11720.01000000,11172.00000000,11503.14000000,11046.66400000,11109.26400000,10442.92450000,67.37825923,704.26990546,718.49721025,11046.66400000,11109.26400000,10442.92450000,67.37825923,704.26990546,718.49721025
20201019 000000,11503.14000000,13350.00000000,11407.96000000,13028.83000000,11468.37400000,11221.04700000,10607.01650000,74.60349358,827.33731382,740.26523096,11468.37400000,11221.04700000,10607.01650000,74.60349358,827.33731382,740.26523096
20201026 000000,13029.64000000,14100.00000000,12765.00000000,13761.50000000,12065.82400000,11432.38400000,10827.98650000,74.63655872,972.77591223,786.76736722,12065.82400000,11432.38400000,10827.98650000,74.63655872,972.77591223,786.76736722
20201102 000000,13761.49000000,15960.00000000,13195.05000000,15475.10000000,13027.51800000,11808.77800000,11137.00700000,76.38015458,1212.33520259,871.88093429,13027.51800000,11808.77800000,11137.00700000,76.38015458,1212.33520259,871.88093429
20201109 000000,15475.10000000,16480.00000000,14805.54000000,15957.00000000,13945.11400000,12378.85800000,11479.03950000,76.01103881,1424.65048474,982.43484438,13945.11400000,12378.85800000,11479.03950000,76.01103881,1424.65048474,982.43484438
20201116 000000,15957.00000000,18965.90000000,15864.00000000,18414.43000000,15327.37200000,13187.01800000,11946.29050000,81.12764314,1770.79333561,1140.10654263,15327.37200000,13187.01800000,11946.29050000,81.12764314,1770.79333561,1140.10654263
20201123 000000,18413.88000000,19484.21000000,16188.00000000,18184.99000000,16358.60400000,13913.48900000,12390.40250000,81.38809714,2003.50498988,1312.78623208,16358.60400000,13913.48900000,12390.40250000,81.38809714,2003.50498988,1312.78623208
20201130 000000,18185.00000000,19888.00000000,18001.12000000,19359.40000000,17478.18400000,14772.00400000,12897.92300000,83.18298488,2256.68209803,1501.56540527,17478.18400000,14772.00400000,12897.92300000,83.18298488,2256.68209803,1501.56540527
20201207 000000,19358.67000000,19420.91000000,17572.33000000,19174.99000000,18218.16200000,15622.84000000,13360.09550000,93.49021191,2414.61228706,1684.17478163,18218.16200000,15622.84000000,13360.09550000,93.49021191,2414.61228706,1684.17478163
20201214 000000,19174.99000000,24295.00000000,19000.00000000,23455.52000000,19717.86600000,16831.49000000,13979.30400000,95.38307987,2852.29659714,1917.79914473,19717.86600000,16831.49000000,13979.30400000,95.38307987,2852.29659714,1917.79914473
20201221 000000,23455.54000000,28422.00000000,21815.00000000,26281.66000000,21291.31200000,18309.34200000,14709.30300000,96.00212741,3388.15391589,2211.87009896,21291.31200000,18309.34200000,14709.30300000,96.00212741,3388.15391589,2211.87009896
20201228 000000,26281.54000000,34778.11000000,25880.00000000,33000.05000000,24254.32400000,20306.46400000,15763.75550000,97.75892463,4305.31365091,2630.55880935,24254.32400000,20306.46400000,15763.75550000,97.75892463,4305.31365091,2630.55880935
20210104 000000,33000.05000000,41950.00000000,28130.00000000,38150.02000000,28012.44800000,22745.31600000,17088.85000000,98.53820535,5385.64650712,3181.57634890,28012.44800000,22745.31600000,17088.85000000,98.53820535,5385.64650712,3181.57634890
20210111 000000,38150.02000000,40100.00000000,30420.00000000,35828.61000000,31343.17200000,24780.66700000,18294.72250000,90.86117625,5985.50254537,3742.36158820,31343.17200000,24780.66700000,18294.72250000,90.86117625,5985.50254537,3742.36158820
20210118 000000,35824.99000000,37850.00000000,28850.00000000,32259.90000000,33104.04800000,26410.95700000,19394.90750000,81.10586938,6102.58095090,4214.40546074,33104.04800000,26410.95700000,19394.90750000,81.10586938,6102.58095090,4214.40546074
20210125 000000,32259.45000000,38531.90000000,29241.72000000,33092.98000000,34466.31200000,27878.81200000,20532.91500000,80.70533596,6191.22048855,4609.76846630,34466.31200000,27878.81200000,20532.91500000,80.70533596,6191.22048855,4609.76846630
20210201 000000,33092.97000000,40955.51000000,32296.16000000,38795.69000000,35625.44000000,29939.88200000,21926.68550000,83.25288712,6645.02923755,5016.82062055,35625.44000000,29939.88200000,21926.68550000,83.25288712,6645.02923755,5016.82062055
20210208 000000,38795.69000000,49707.43000000,37988.89000000,48577.79000000,37710.99400000,32861.72100000,23816.86250000,86.20896277,7705.18903534,5554.49430351,37710.99400000,32861.72100000,23816.86250000,86.20896277,7705.18903534,5554.49430351
20210215 000000,48580.47000000,58352.80000000,45570.79000000,57408.57000000,42026.98600000,36685.07900000,26153.95950000,88.33883252,9152.43982808,6274.08340842,42026.98600000,36685.07900000,26153.95950000,88.33883252,9152.43982808,6274.08340842
20210222 000000,57412.35000000,57508.47000000,43000.00000000,45135.66000000,44602.13800000,38853.09300000,27842.29150000,70.91681736,9202.98891267,6859.86450927,44602.13800000,38853.09300000,27842.29150000,70.91681736,9202.98891267,6859.86450927
20210301 000000,45134.11000000,52640.00000000,44950.53000000,50971.75000000,48177.89200000,41322.10200000,29815.72200000,73.59382997,9603.27256684,7408.54612079,48177.89200000,41322.10200000,29815.72200000,73.59382997,9603.27256684,7408.54612079
20210308 000000,50959.11000000,61844.00000000,49274.67000000,58968.31000000,52212.41600000,43918.92800000,32112.69600000,75.95474615,10445.34833501,8015.90656363,52212.41600000,43918.92800000,32112.69600000,75.95474615,10445.34833501,8015.90656363
20210315 000000,58976.08000000,60633.43000000,53271.34000000,57351.56000000,53967.17000000,45839.08200000,34292.19900000,74.55522934,10857.08748859,8584.14274862,53967.17000000,45839.08200000,34292.19900000,74.55522934,10857.08748859,8584.14274862
20210322 000000,57351.56000000,58430.73000000,50427.56000000,55777.63000000,53640.98200000,47833.98400000,36307.32550000,71.53959248,10930.39198226,9053.39259535,53640.98200000,47833.98400000,36307.32550000,71.53959248,10930.39198226,9053.39259535
20210329 000000,55777.65000000,60200.00000000,54800.01000000,58202.01000000,56254.25200000,50428.19500000,38419.57600000,71.38637534,11056.65924104,9454.04592449,56254.25200000,50428.19500000,38419.57600000,71.38637534,11056.65924104,9454.04592449
20210405 000000,58202.01000000,61500.00000000,55473.00000000,60002.43000000,58060.38800000,53119.14000000,40498.97600000,69.36770727,11173.20801370,9797.87834233,58060.38800000,53119.14000000,40498.97600000,69.36770727,11173.20801370,9797.87834233
20210412 000000,59998.80000000,64854.00000000,50931.30000000,56150.01000000,57496.72800000,54854.57200000,42397.22700000,63.15553136,10829.87559325,10004.27779251,57496.72800000,54854.57200000,42397.22700000,63.15553136,10829.87559325,10004.27779251
20210419 000000,56150.01000000,57526.81000000,46930.00000000,49066.77000000,55839.77000000,54903.47000000,43882.59550000,59.04566207,9872.42078415,9977.90639084,55839.77000000,54903.47000000,43882.59550000,59.04566207,9872.42078415,9977.90639084
20210426 000000,49066.76000000,58458.07000000,48753.44000000,56578.21000000,55999.88600000,54820.43400000,45752.75650000,65.76719136,9608.97509856,9904.12013239,55999.88600000,54820.43400000,45752.75650000,65.76719136,9608.97509856,9904.12013239
20210503 000000,56578.21000000,59500.00000000,52900.00000000,58240.84000000,56007.65200000,56130.95200000,47492.02250000,66.13151660,9425.69924691,9808.43595529,56007.65200000,56130.95200000,47492.02250000,66.13151660,9425.69924691,9808.43595529
20210510 000000,58240.83000000,59500.00000000,43825.39000000,46431.50000000,53293.46600000,55676.92700000,48499.51450000,54.54225959,8232.63606688,9493.27597761,53293.46600000,55676.92700000,48499.51450000,54.54225959,8232.63606688,9493.27597761
20210517 000000,46426.83000000,46686.00000000,30000.00000000,34655.25000000,48994.51400000,53245.62100000,48582.27450000,41.90993448,6264.66478831,8847.55373975,48994.51400000,53245.62100000,48582.27450000,41.90993448,6264.66478831,8847.55373975
20210524 000000,34681.44000000,40841.00000000,33379.00000000,35641.27000000,46309.41400000,51074.59200000,48456.83700000,36.08271257,4730.07162376,8024.05731655,46309.41400000,51074.59200000,48456.83700000,36.08271257,4730.07162376,8024.05731655
20210531 000000,35641.26000000,39476.00000000,34153.84000000,35796.31000000,42153.03400000,49076.46000000,48455.22200000,42.93378282,3486.21895496,7116.48964423,42153.03400000,49076.46000000,48455.22200000,42.93378282,3486.21895496,7116.48964423
20210607 000000,35796.31000000,39380.00000000,31000.00000000,39020.57000000,38308.98000000,47158.31600000,48793.25550000,40.58557162,2729.16744573,6239.02520453,38308.98000000,47158.31600000,48793.25550000,40.58557162,2729.16744573,6239.02520453
20210614 000000,39020.56000000,41330.00000000,33336.00000000,35600.16000000,36142.71200000,44718.08900000,48918.61450000,30.16169204,1832.08107872,5357.63637937,36142.71200000,44718.08900000,48918.61450000,30.16169204,1832.08107872,5357.63637937
20210621 000000,35600.17000000,35750.00000000,28805.00000000,34700.34000000,36151.73000000,42573.12200000,48713.84700000,30.53336565,1036.57670481,4493.42444446,36151.73000000,42573.12200000,48713.84700000,30.53336565,1036.57670481,4493.42444446
20210628 000000,34702.49000000,36600.00000000,32699.00000000,35286.51000000,36080.77800000,41195.09600000,48049.28300000,32.08562620,448.26545226,3684.39264602,36080.77800000,41195.09600000,48049.28300000,32.08562620,448.26545226,3684.39264602
20210705 000000,35288.13000000,35293.78000000,32077.00000000,34258.99000000,35773.31400000,38963.17400000,46891.80400000,28.54375071,-99.73801287,2927.56651424,35773.31400000,38963.17400000,46891.80400000,28.54375071,-99.73801287,2927.56651424
20210712 000000,34259.00000000,34678.43000000,31020.00000000,31778.56000000,34324.91200000,36316.94600000,46223.94900000,25.01206286,-725.81790135,2196.88963112,34324.91200000,36316.94600000,46223.94900000,25.01206286,-725.81790135,2196.88963112
20210719 000000,31778.57000000,35398.00000000,29278.00000000,35381.02000000,34281.08400000,35211.89800000,45444.41250000,31.53047673,-920.68917693,1573.37386951,34281.08400000,35211.89800000,45444.41250000,31.53047673,-920.68917693,1573.37386951
20210726 000000,35381.02000000,42599.00000000,35205.78000000,39845.44000000,35310.10400000,35730.91700000,44488.26900000,41.39900956,-706.73784952,1117.35152571,35310.10400000,35730.91700000,44488.26900000,41.39900956,-706.73784952,1117.35152571
20210802 000000,39850.27000000,45310.00000000,37332.70000000,43794.37000000,37011.67600000,36546.22700000,43810.40950000,37.22732332,-216.04381408,850.67245775,37011.67600000,36546.22700000,43810.40950000,37.22732332,-216.04381408,850.67245775
20210809 000000,43794.36000000,48144.00000000,42779.00000000,46973.82000000,39554.64200000,37663.97800000,43370.21900000,39.07398529,424.49645658,765.43725751,39554.64200000,37663.97800000,43370.21900000,39.07398529,424.49645658,765.43725751
20210816 000000,46973.82000000,49757.04000000,43927.70000000,49239.22000000,43046.77400000,38685.84300000,42922.07950000,53.34120483,1102.22235004,832.79427602,43046.77400000,38685.84300000,42922.07950000,53.34120483,1102.22235004,832.79427602
20210823 000000,49239.22000000,50500.00000000,46250.00000000,48767.83000000,45724.13600000,40002.61000000,42360.34950000,72.97588673,1583.03947625,982.84331607,45724.13600000,40002.61000000,42360.34950000,72.97588673,1583.03947625,982.84331607
20210830 000000,48767.84000000,51900.00000000,46512.00000000,51756.88000000,48106.42400000,41708.26400000,42140.69300000,74.63049542,2180.15045005,1222.30474286,48106.42400000,41708.26400000,42140.69300000,74.63049542,2180.15045005,1222.30474286
20210906 000000,51756.88000000,52920.00000000,42843.05000000,46025.24000000,48552.59800000,42782.13700000,41988.61650000,63.35671111,2165.90257540,1411.02430937,48552.59800000,42782.13700000,41988.61650000,63.35671111,2165.90257540,1411.02430937
20210913 000000,46025.23000000,48843.20000000,43370.00000000,47241.75000000,48606.18400000,44080.41300000,41521.79350000,61.32905776,2227.10059297,1574.23956609,48606.18400000,44080.41300000,41521.79350000,61.32905776,2227.10059297,1574.23956609
20210920 000000,47241.75000000,47347.25000000,39600.00000000,43160.90000000,47390.52000000,45218.64700000,40767.79650000,60.23269247,1924.12980225,1644.21761332,47390.52000000,45218.64700000,40767.79650000,60.23269247,1924.12980225,1644.21761332
20210927 000000,43160.90000000,49228.08000000,40753.88000000,48200.01000000,47276.95600000,46500.54600000,40856.22200000,66.42961999,2066.81240438,1728.73657153,47276.95600000,46500.54600000,40856.22200000,66.42961999,2066.81240438,1728.73657153
20211004 000000,48200.01000000,56561.31000000,46891.00000000,54659.00000000,47857.38000000,47981.90200000,41856.40950000,70.62827766,2670.29441568,1917.04814036,47857.38000000,47981.90200000,41856.40950000,70.62827766,2670.29441568,1917.04814036
20211011 000000,54659.01000000,62933.00000000,53879.00000000,61528.33000000,50957.99800000,49755.29800000,43150.76250000,75.82423639,3660.65799244,2265.77011078,50957.99800000,49755.29800000,43150.76250000,75.82423639,3660.65799244,2265.77011078
20211018 000000,61528.32000000,67000.00000000,59510.63000000,60852.22000000,53680.09200000,51143.13800000,44403.55800000,78.50714324,4340.93227062,2680.80254275,53680.09200000,51143.13800000,44403.55800000,78.50714324,4340.93227062,2680.80254275
20211025 000000,60852.22000000,63710.63000000,57820.00000000,61299.80000000,57307.87200000,52349.19600000,45517.51950000,77.08972808,4860.14576754,3116.67118771,57307.87200000,52349.19600000,45517.51950000,77.08972808,4860.14576754,3116.67118771
20211101 000000,61299.81000000,64270.00000000,59405.00000000,63273.59000000,60322.58800000,53799.77200000,46901.19100000,75.83144002,5369.00402560,3567.13775529,60322.58800000,53799.77200000,46901.19100000,75.83144002,5369.00402560,3567.13775529
20211108 000000,63273.58000000,69000.00000000,62278.00000000,65519.10000000,62494.60800000,55175.99400000,48442.12900000,74.88815941,5885.62591981,4030.83538819,62494.60800000,55175.99400000,48442.12900000,74.88815941,5885.62591981,4030.83538819
20211115 000000,65519.11000000,66401.82000000,55600.00000000,58622.02000000,61913.34600000,56435.67200000,49608.90450000,62.29690087,5673.11958712,4359.29222798,61913.34600000,56435.67200000,49608.90450000,62.29690087,5673.11958712,4359.29222798
20211122 000000,58617.70000000,59444.00000000,53256.64000000,57274.88000000,61197.87800000,57438.98500000,50759.69900000,58.65089803,5334.51092662,4554.33596770,61197.87800000,57438.98500000,50759.69900000,58.65089803,5334.51092662,4554.33596770
20211129 000000,57274.89000000,59176.99000000,42000.30000000,49396.33000000,58817.18400000,58062.52800000,51640.58750000,50.58355202,4379.93877463,4519.45652909,58817.18400000,58062.52800000,51640.58750000,50.58355202,4379.93877463,4519.45652909
20211206 000000,49396.32000000,51936.33000000,46751.00000000,50053.90000000,56173.24600000,58247.91700000,52374.23150000,48.34725550,3634.59650428,4342.48452413,56173.24600000,58247.91700000,52374.23150000,48.34725550,3634.59650428,4342.48452413
20211213 000000,50053.90000000,50189.97000000,45456.00000000,46681.23000000,52405.67200000,57450.14000000,52716.02100000,50.66718822,2740.17408159,4022.02243562,52405.67200000,57450.14000000,52716.02100000,50.66718822,2740.17408159,4022.02243562
20211220 000000,46681.24000000,51810.00000000,45558.85000000,50775.49000000,50836.36600000,56374.85600000,53065.07700000,53.39531048,2334.79635349,3684.57721919,50836.36600000,56374.85600000,53065.07700000,53.39531048,2334.79635349,3684.57721919
20211227 000000,50775.48000000,52088.00000000,45678.00000000,47286.18000000,48838.62600000,55018.25200000,53080.69500000,54.00925224,1712.23583883,3290.10894312,48838.62600000,55018.25200000,53080.69500000,54.00925224,1712.23583883,3290.10894312
20220103 000000,47286.18000000,47570.00000000,40501.00000000,41864.62000000,47332.28400000,53074.73400000,52711.96500000,43.88823343,772.47297591,2786.58174968,47332.28400000,53074.73400000,52711.96500000,43.88823343,772.47297591,2786.58174968
20220110 000000,41864.62000000,44500.00000000,39650.00000000,43071.66000000,45935.83600000,51054.54100000,52427.15650000,37.56122591,123.67651093,2254.00070193,45935.83600000,51054.54100000,52427.15650000,37.56122591,123.67651093,2254.00070193
20220117 000000,43071.66000000,43505.00000000,34008.00000000,36244.55000000,43848.50000000,48127.08600000,51651.54000000,22.83375108,-930.66199024,1617.06816350,43848.50000000,48127.08600000,51651.54000000,22.83375108,-930.66199024,1617.06816350
20220124 000000,36244.55000000,38919.98000000,32917.17000000,37881.76000000,41269.75400000,46053.06000000,51244.36600000,25.81872555,-1615.50119213,970.55429237,41269.75400000,46053.06000000,51244.36600000,25.81872555,-1615.50119213,970.55429237
20220131 000000,37881.75000000,42656.00000000,36250.00000000,42380.87000000,40288.69200000,44563.65900000,51001.32200000,31.64917841,-1774.74249056,421.49493579,40288.69200000,44563.65900000,51001.32200000,31.64917841,-1774.74249056,421.49493579
20220207 000000,42380.87000000,45821.00000000,41645.85000000,42053.66000000,40326.50000000,43829.39200000,50945.96000000,28.73811179,-1905.38142819,-43.88033701,40326.50000000,43829.39200000,50945.96000000,28.73811179,-1905.38142819,-43.88033701
20220214 000000,42053.65000000,44751.40000000,38000.00000000,38386.89000000,39389.54600000,42662.69100000,50455.30400000,23.56699068,-2278.52599267,-490.80946814,39389.54600000,42662.69100000,50455.30400000,23.56699068,-2278.52599267,-490.80946814
20220221 000000,38386.89000000,40348.45000000,34322.28000000,37699.07000000,39680.45000000,41764.47500000,49607.30750000,26.81067879,-2599.77844641,-912.60326380,39680.45000000,41764.47500000,49607.30750000,26.81067879,-2599.77844641,-912.60326380
20220228 000000,37699.08000000,45400.00000000,37450.17000000,38420.81000000,39788.26000000,40529.00700000,48451.93150000,28.80990417,-2764.27015864,-1282.93664277,39788.26000000,40529.00700000,48451.93150000,28.80990417,-2764.27015864,-1282.93664277
20220307 000000,38420.80000000,42594.06000000,37155.00000000,37777.34000000,38867.55400000,39578.12300000,47298.18750000,34.40523343,-2912.97471770,-1608.94425775,38867.55400000,39578.12300000,47298.18750000,34.40523343,-2912.97471770,-1608.94425775
20220314 000000,37777.35000000,42400.00000000,37555.00000000,41262.11000000,38709.24400000,39517.87200000,46296.30300000,39.03221179,-2718.29749511,-1830.81490522,38709.24400000,39517.87200000,46296.30300000,39.03221179,-2718.29749511,-1830.81490522
20220321 000000,41262.11000000,46999.00000000,40467.94000000,46827.76000000,40397.41800000,39893.48200000,45474.01150000,50.17331381,-2090.81138060,-1882.81420030,40397.41800000,39893.48200000,45474.01150000,50.17331381,-2090.81138060,-1882.81420030
20220328 000000,46827.76000000,48189.84000000,44200.00000000,46407.35000000,42139.07400000,40909.76200000,44518.42400000,44.34166736,-1608.90127515,-1828.03161527,42139.07400000,40909.76200000,44518.42400000,44.34166736,-1608.90127515,-1828.03161527
20220404 000000,46407.36000000,47200.00000000,41868.00000000,42158.85000000,42886.68200000,41337.47100000,43695.26550000,43.48635373,-1551.91300136,-1772.80789249,42886.68200000,41337.47100000,43695.26550000,43.48635373,-1551.91300136,-1772.80789249
20220411 000000,42158.85000000,42414.71000000,39200.00000000,39678.12000000,43266.83800000,41067.19600000,42815.42750000,46.99801250,-1687.47144211,-1755.74060241,43266.83800000,41067.19600000,42815.42750000,46.99801250,-1687.47144211,-1755.74060241
20220418 000000,39678.11000000,42976.00000000,38536.51000000,39450.13000000,42904.44200000,40806.84300000,42318.11750000,44.89040024,-1792.63499036,-1763.11948000,42904.44200000,40806.84300000,42318.11750000,44.89040024,-1792.63499036,-1763.11948000
20220425 000000,39450.12000000,40797.31000000,37386.38000000,38468.35000000,41232.56000000,40814.98900000,41738.84000000,53.75728716,-1932.91782743,-1797.07914949,41232.56000000,40814.98900000,41738.84000000,53.75728716,-1932.91782743,-1797.07914949
20220502 000000,38468.35000000,40023.77000000,33713.95000000,34038.40000000,38758.77000000,40448.92200000,41106.69850000,44.06630663,-2374.18480430,-1912.50028045,38758.77000000,40448.92200000,41106.69850000,44.06630663,-2374.18480430,-1912.50028045
20220509 000000,34038.39000000,34243.15000000,26700.00000000,31328.89000000,36592.77800000,39739.73000000,40134.36850000,31.93902531,-2908.99380550,-2111.79898546,36592.77800000,39739.73000000,40134.36850000,31.93902531,-2908.99380550,-2111.79898546
20220516 000000,31328.89000000,31328.90000000,28654.47000000,30293.94000000,34715.94200000,38991.39000000,39284.75650000,31.21692919,-3377.41289413,-2364.92176719,34715.94200000,38991.39000000,39284.75650000,31.21692919,-3377.41289413,-2364.92176719
20220523 000000,30293.93000000,30670.51000000,28019.56000000,29468.10000000,32719.53600000,37811.98900000,38664.93050000,34.33272049,-3771.79784512,-2646.29698278,32719.53600000,37811.98900000,38664.93050000,34.33272049,-3771.79784512,-2646.29698278
20220530 000000,29468.10000000,32399.00000000,29282.36000000,29919.21000000,31009.70800000,36121.13400000,38007.30800000,36.21882351,-4001.81946946,-2917.40148011,31009.70800000,36121.13400000,38007.30800000,36.21882351,-4001.81946946,-2917.40148011
20220606 000000,29919.20000000,31765.64000000,26560.00000000,26574.53000000,29516.93400000,34137.85200000,37523.80700000,30.79978372,-4403.24314129,-3214.56981235,29516.93400000,34137.85200000,37523.80700000,30.79978372,-4403.24314129,-3214.56981235
20220613 000000,26574.53000000,26895.84000000,17622.00000000,20574.00000000,27365.95600000,31979.36700000,36658.41900000,26.24268085,-5146.24421590,-3600.90469306,27365.95600000,31979.36700000,36658.41900000,26.24268085,-5146.24421590,-3600.90469306
20220620 000000,20574.00000000,21888.00000000,19637.03000000,21038.07000000,25514.78200000,30115.36200000,35591.27900000,19.52898387,-5632.70107817,-4007.26397008,25514.78200000,30115.36200000,35591.27900000,19.52898387,-5632.70107817,-4007.26397008
20220627 000000,21038.08000000,21539.85000000,18626.00000000,19315.83000000,23484.32800000,28101.93200000,34454.38750000,3.11897947,-6087.02459045,-4423.21609416,23484.32800000,28101.93200000,34454.38750000,3.11897947,-6087.02459045,-4423.21609416
20220704 000000,19315.83000000,22527.37000000,19055.31000000,20862.47000000,21672.98000000,26341.34400000,33578.16650000,8.07988048,-6250.22956913,-4788.61878915,21672.98000000,26341.34400000,33578.16650000,8.07988048,-6250.22956913,-4788.61878915
20220711 000000,20861.11000000,21684.54000000,18910.94000000,20798.16000000,20517.70600000,25017.32000000,32733.12100000,9.36611281,-6311.99917271,-5093.29486586,20517.70600000,25017.32000000,32733.12100000,9.36611281,-6311.99917271,-5093.29486586
20220718 000000,20799.58000000,24276.74000000,20762.45000000,22579.68000000,20918.84200000,24142.39900000,31941.06450000,16.58518701,-6146.34699122,-5303.90529093,20918.84200000,24142.39900000,31941.06450000,16.58518701,-6146.34699122,-5303.90529093
20220725 000000,22577.13000000,24668.00000000,20706.50000000,23293.32000000,21369.89200000,23442.33700000,31216.86350000,19.01355426,-5889.59013118,-5421.04225898,21369.89200000,23442.33700000,31216.86350000,19.01355426,-5889.59013118,-5421.04225898
20220801 000000,23296.36000000,23647.68000000,22400.00000000,23174.39000000,22141.60400000,22812.96600000,30312.47750000,19.66437532,-5630.79680628,-5462.99316844,22141.60400000,22812.96600000,30312.47750000,19.66437532,-5630.79680628,-5462.99316844
20220808 000000,23174.39000000,25047.56000000,22664.69000000,24305.24000000,22830.15800000,22251.56900000,29186.35150000,27.78711953,-5273.65962232,-5425.12645922,22830.15800000,22251.56900000,29186.35150000,27.78711953,-5273.65962232,-5425.12645922
20220815 000000,24305.25000000,25211.32000000,20761.90000000,21515.61000000,22973.64800000,21745.67700000,27941.76450000,27.68587299,-5156.28718905,-5371.35860519,22973.64800000,21745.67700000,27941.76450000,27.68587299,-5156.28718905,-5371.35860519
20220822 000000,21516.70000000,21900.00000000,19520.00000000,19555.61000000,22368.83400000,21643.83800000,26811.60250000,26.56817953,-5161.92089872,-5329.47106389,22368.83400000,21643.83800000,26811.60250000,26.56817953,-5161.92089872,-5329.47106389
20220829 000000,19555.61000000,20576.25000000,19540.00000000,20000.30000000,21710.23000000,21540.06100000,25827.71150000,28.99110809,-5072.03561828,-5277.98397477,21710.23000000,21540.06100000,25827.71150000,28.99110809,-5072.03561828,-5277.98397477
20220905 000000,20000.30000000,21860.00000000,18510.77000000,21826.87000000,21440.72600000,21791.16500000,24946.54850000,33.07629568,-4798.10241430,-5182.00766268,21440.72600000,21791.16500000,24946.54850000,33.07629568,-4798.10241430,-5182.00766268
20220912 000000,21826.87000000,22799.00000000,19320.01000000,19416.18000000,20462.91400000,21646.53600000,23993.94000000,34.42096846,-4721.10890789,-5089.82791172,20462.91400000,21646.53600000,23993.94000000,34.42096846,-4721.10890789,-5089.82791172
20220919 000000,19417.45000000,19956.00000000,18125.98000000,18807.38000000,19921.26800000,21447.45800000,23232.38900000,44.97622078,-4655.54979138,-5002.97228765,19921.26800000,21447.45800000,23232.38900000,44.97622078,-4655.54979138,-5002.97228765
20220926 000000,18809.13000000,20385.86000000,18471.28000000,19056.80000000,19821.50600000,21095.17000000,22618.78450000,44.29618268,-4531.23436060,-4908.62470224,19821.50600000,21095.17000000,22618.78450000,44.29618268,-4531.23436060,-4908.62470224
20221003 000000,19057.74000000,20475.00000000,18959.68000000,19439.02000000,19709.25000000,20709.74000000,22076.03850000,50.38429839,-4351.70774832,-4797.24131146,19709.25000000,20709.74000000,22076.03850000,50.38429839,-4351.70774832,-4797.24131146
20221010 000000,19439.96000000,19951.87000000,18190.00000000,19262.98000000,19196.47200000,20318.59900000,21565.78250000,44.54371232,-4175.50396095,-4672.89384135,19196.47200000,20318.59900000,21565.78250000,44.54371232,-4175.50396095,-4672.89384135
20221017 000000,19262.98000000,19706.66000000,18650.00000000,19570.40000000,19227.31600000,19845.11500000,21048.34200000,45.88011613,-3965.34493710,-4531.38406050,19227.31600000,19845.11500000,21048.34200000,45.88011613,-3965.34493710,-4531.38406050
20221024 000000,19570.40000000,21085.00000000,19157.00000000,20627.48000000,19591.33600000,19756.30200000,20750.98950000,43.11440902,-3671.17584505,-4359.34241741,19591.33600000,19756.30200000,20750.98950000,43.11440902,-3671.17584505,-4359.34241741
20221031 000000,20627.48000000,21480.65000000,20031.24000000,20905.58000000,19961.09200000,19891.29900000,20767.56850000,41.31126805,-3376.68010804,-4162.80995554,19961.09200000,19891.29900000,20767.56850000,41.31126805,-3376.68010804,-4162.80995554
20221107 000000,20905.58000000,21069.77000000,15588.00000000,16329.85000000,19339.25800000,19524.25400000,20532.15750000,31.19346670,-3472.48464333,-4024.74489310,19339.25800000,19524.25400000,20532.15750000,31.19346670,-3472.48464333,-4024.74489310
20221114 000000,16331.78000000,17190.00000000,15815.21000000,16280.23000000,18742.70800000,18969.59000000,20380.37750000,26.55700715,-3511.93099271,-3922.18211302,18742.70800000,18969.59000000,20380.37750000,26.55700715,-3511.93099271,-3922.18211302
20221121 000000,16279.50000000,16812.63000000,15476.00000000,16428.78000000,18114.38400000,18670.85000000,20158.69300000,32.42882694,-3490.96410413,-3835.93851124,18114.38400000,18670.85000000,20158.69300000,32.42882694,-3490.96410413,-3835.93851124
20221128 000000,16428.77000000,17324.00000000,15995.27000000,17105.70000000,17410.02800000,18500.68200000,19974.07000000,40.71430467,-3380.75467173,-3744.90174334,17410.02800000,18500.68200000,19974.07000000,40.71430467,-3380.75467173,-3744.90174334
20221205 000000,17106.65000000,17424.25000000,16678.83000000,17085.05000000,16645.92200000,18303.50700000,19699.33850000,38.58359421,-3257.52842500,-3647.42707967,16645.92200000,18303.50700000,19699.33850000,38.58359421,-3257.52842500,-3647.42707967
20221212 000000,17085.05000000,18387.95000000,16527.32000000,16738.21000000,16727.59400000,18033.42600000,19371.58300000,27.46002863,-3151.52896190,-3548.24745612,16727.59400000,18033.42600000,19371.58300000,27.46002863,-3151.52896190,-3548.24745612
20221219 000000,16739.00000000,17061.27000000,16256.30000000,16832.11000000,16837.97000000,17790.33900000,19054.46900000,35.59811354,-3025.07549125,-3443.61306314,16837.97000000,17790.33900000,19054.46900000,35.59811354,-3025.07549125,-3443.61306314
20221226 000000,16832.11000000,16972.83000000,16333.00000000,16616.75000000,16875.56400000,17494.97400000,18670.04450000,37.23089119,-2908.70817958,-3336.63208643,16875.56400000,17494.97400000,18670.04450000,37.23089119,-2908.70817958,-3336.63208643
20230102 000000,16617.17000000,17176.99000000,16548.70000000,17127.83000000,16879.99000000,17145.00900000,18450.65550000,39.08893140,-2743.61962281,-3218.02959371,16879.99000000,17145.00900000,18450.65550000,39.08893140,-2743.61962281,-3218.02959371
20230109 000000,17127.83000000,21258.00000000,17104.66000000,20871.50000000,17637.28000000,17141.60100000,18516.45000000,55.87035774,-2284.37007408,-3031.29768978,17637.28000000,17141.60100000,18516.45000000,55.87035774,-2284.37007408,-3031.29768978
20230116 000000,20872.99000000,23371.80000000,20407.15000000,22707.88000000,18831.21400000,17779.40400000,18651.82900000,62.42632365,-1752.03461483,-2775.44507479,18831.21400000,17779.40400000,18651.82900000,62.42632365,-1752.03461483,-2775.44507479
20230123 000000,22706.02000000,23960.54000000,22300.00000000,23742.30000000,20213.25200000,18525.61100000,18747.60050000,64.29878738,-1232.47863263,-2466.85178636,20213.25200000,18525.61100000,18747.60050000,64.29878738,-1232.47863263,-2466.85178636
20230130 000000,23743.37000000,24255.00000000,22500.00000000,22932.91000000,21476.48400000,19176.02400000,18923.43700000,58.03811693,-875.94048551,-2148.66952619,21476.48400000,19176.02400000,18923.43700000,58.03811693,-875.94048551,-2148.66952619
20230206 000000,22932.91000000,23452.00000000,21451.00000000,21783.54000000,22407.62600000,19643.80800000,19072.24500000,52.88577086,-678.30688894,-1854.59699874,22407.62600000,19643.80800000,19072.24500000,52.88577086,-678.30688894,-1854.59699874
20230213 000000,21782.37000000,25250.00000000,21351.07000000,24271.76000000,23087.67800000,20362.47900000,19332.99300000,80.25634754,-317.24527466,-1547.12665392,23087.67800000,20362.47900000,19332.99300000,80.25634754,-317.24527466,-1547.12665392
20230220 000000,24272.51000000,25250.00000000,22722.00000000,23554.85000000,23257.07200000,21044.14300000,19538.78450000,76.37325746,-87.93631447,-1255.28858603,23257.07200000,21044.14300000,19538.78450000,76.37325746,-87.93631447,-1255.28858603
20230227 000000,23554.85000000,24000.00000000,21971.13000000,22430.24000000,22994.66000000,21603.95600000,19697.14750000,70.31952123,3.01134739,-1003.62859935,22994.66000000,21603.95600000,19697.14750000,70.31952123,3.01134739,-1003.62859935
20230306 000000,22430.24000000,22602.19000000,19549.09000000,21997.11000000,22807.50000000,22141.99200000,19818.48300000,66.83914065,39.68063975,-794.96675153,22807.50000000,22141.99200000,19818.48300000,66.83914065,39.68063975,-794.96675153
20230313 000000,21998.05000000,28390.10000000,21813.88000000,27972.87000000,24045.36600000,23226.49600000,20185.75250000,76.58283787,544.65674471,-527.04205228,24045.36600000,23226.49600000,20185.75250000,76.58283787,544.65674471,-527.04205228
20230320 000000,27972.87000000,28868.05000000,26601.80000000,27968.05000000,24784.62400000,23936.15100000,20538.87600000,77.88356966,933.70187829,-234.89326617,24784.62400000,23936.15100000,20538.87600000,77.88356966,933.70187829,-234.89326617
20230327 000000,27968.05000000,29184.68000000,26508.14000000,28171.87000000,25708.02800000,24482.55000000,21130.97700000,78.00363907,1244.12798718,60.91098450,25708.02800000,24482.55000000,21130.97700000,78.00363907,1244.12798718,60.91098450
20230403 000000,28171.87000000,28775.00000000,27200.24000000,28323.76000000,26886.73200000,24940.69600000,21733.15350000,79.00147992,1485.27781053,345.78434971,26886.73200000,24940.69600000,21733.15350000,79.00147992,1485.27781053,345.78434971
20230410 000000,28323.76000000,31000.00000000,28170.00000000,30304.65000000,28548.24000000,25677.87000000,22426.94700000,80.42684526,1815.30632956,639.68874568,28548.24000000,25677.87000000,22426.94700000,80.42684526,1815.30632956,639.68874568
20230417 000000,30304.66000000,30485.00000000,27125.00000000,27590.60000000,28471.78600000,26258.57600000,22951.19200000,66.28978562,1836.68301735,879.08760001,28471.78600000,26258.57600000,22951.19200000,66.28978562,1836.68301735,879.08760001
20230424 000000,27590.59000000,30036.00000000,26942.82000000,29233.21000000,28724.81800000,26754.72100000,23558.60000000,65.97005662,1963.53468992,1095.97701799,28724.81800000,26754.72100000,23558.60000000,65.97005662,1963.53468992,1095.97701799
20230501 000000,29233.20000000,29820.00000000,27666.95000000,28430.10000000,28776.46400000,27242.24600000,24143.19450000,61.60428109,1976.47768479,1272.07715135,28776.46400000,27242.24600000,24143.19450000,61.60428109,1976.47768479,1272.07715135
20230508 000000,28430.09000000,28631.01000000,25811.46000000,26917.62000000,28495.23600000,27690.98400000,24647.47000000,59.53203739,1843.44057040,1386.34983516,28495.23600000,27690.98400000,24647.47000000,59.53203739,1843.44057040,1386.34983516
20230515 000000,26917.61000000,27663.59000000,26361.20000000,26747.78000000,27783.86200000,28166.05100000,25154.02150000,62.45910329,1704.65285319,1450.01043877,27783.86200000,28166.05100000,25154.02150000,62.45910329,1704.65285319,1450.01043877
20230522 000000,26747.78000000,28261.32000000,25871.89000000,28065.00000000,27878.74200000,28175.26400000,25700.88000000,60.11469169,1681.56717330,1496.32178567,27878.74200000,28175.26400000,25700.88000000,60.11469169,1681.56717330,1496.32178567
20230529 000000,28065.01000000,28447.14000000,26505.00000000,27115.21000000,27455.14200000,28089.98000000,26013.06550000,59.37725519,1568.55021983,1510.76747251,27455.14200000,28089.98000000,26013.06550000,59.37725519,1568.55021983,1510.76747251
20230605 000000,27115.20000000,27391.77000000,25351.02000000,25925.55000000,26954.23200000,27865.34800000,26173.94900000,59.17448988,1367.22730507,1482.05943902,26954.23200000,27865.34800000,26173.94900000,59.17448988,1367.22730507,1482.05943902
20230612 000000,25925.54000000,26839.99000000,24800.00000000,26339.97000000,26838.70200000,27666.96900000,26303.83250000,61.41034641,1226.97388405,1431.04232803,26838.70200000,27666.96900000,26303.83250000,61.41034641,1226.97388405,1431.04232803
20230619 000000,26339.98000000,31431.94000000,26256.61000000,30462.66000000,27581.67800000,27682.77000000,26680.32000000,57.24733063,1431.98167232,1431.23019688,27581.67800000,27682.77000000,26680.32000000,57.24733063,1431.98167232,1431.23019688
20230626 000000,30462.67000000,31282.00000000,29500.00000000,30617.03000000,28092.08400000,27985.41300000,27121.99450000,57.64415208,1588.59584634,1462.70332678,28092.08400000,27985.41300000,27121.99450000,57.64415208,1588.59584634,1462.70332678
20230703 000000,30617.02000000,31500.00000000,29701.02000000,30160.71000000,28701.18400000,28078.16300000,27416.44200000,55.65675389,1656.79400724,1501.52146287,28701.18400000,28078.16300000,27416.44200000,55.65675389,1656.79400724,1501.52146287
20230710 000000,30160.71000000,31804.20000000,29900.00000000,30231.99000000,29562.47200000,28258.35200000,27750.29900000,55.45248141,1697.03092523,1540.62335534,29562.47200000,28258.35200000,27750.29900000,55.45248141,1697.03092523,1540.62335534
20230717 000000,30232.00000000,30417.46000000,29512.00000000,30083.75000000,30311.22800000,28574.96500000,28132.97450000,49.29497360,1697.39077921,1571.97684011,30311.22800000,28574.96500000,28132.97450000,49.29497360,1697.39077921,1571.97684011
20230724 000000,30083.75000000,30099.58000000,28861.90000000,29281.09000000,30074.91400000,28828.29600000,28497.17350000,56.14514031,1614.29937388,1580.44134687,30074.91400000,28828.29600000,28497.17350000,56.14514031,1614.29937388,1580.44134687
20230731 000000,29281.09000000,30047.50000000,28585.70000000,29088.42000000,29769.19200000,28930.63800000,28552.95100000,49.41164997,1515.43300931,1567.43967936,29769.19200000,28930.63800000,28552.95100000,49.41164997,1515.43300931,1567.43967936
20230807 000000,29088.43000000,30244.00000000,28701.03000000,29303.84000000,29597.81800000,29149.50100000,28619.74050000,53.72849503,1437.88821646,1541.52938678,29597.81800000,29149.50100000,28619.74050000,53.72849503,1437.88821646,1541.52938678
20230814 000000,29303.85000000,29695.32000000,25166.00000000,26189.99000000,28789.41800000,29175.94500000,28520.64650000,47.26833418,1112.34926802,1455.69336303,28789.41800000,29175.94500000,28520.64650000,47.26833418,1112.34926802,1455.69336303
20230821 000000,26190.00000000,26819.27000000,25300.00000000,26101.77000000,27993.02200000,29152.12500000,28409.54700000,47.55979726,837.58354753,1332.07139993,27993.02200000,29152.12500000,28409.54700000,47.55979726,837.58354753,1332.07139993
20230828 000000,26101.78000000,28142.85000000,25333.75000000,25971.21000000,27331.04600000,28702.98000000,28192.87500000,41.31218284,602.35110501,1186.12734094,27331.04600000,28702.98000000,28192.87500000,41.31218284,602.35110501,1186.12734094
20230904 000000,25971.21000000,26445.50000000,25372.51000000,25841.61000000,26681.68400000,28225.43800000,28105.42550000,44.32945442,400.84932121,1029.07173700,26681.68400000,28225.43800000,28105.42550000,44.32945442,400.84932121,1029.07173700
20230911 000000,25841.60000000,26888.00000000,24901.00000000,26527.51000000,26126.41800000,27862.11800000,27970.14050000,52.80602637,293.12513936,881.88241747,26126.41800000,27862.11800000,27970.14050000,52.80602637,293.12513936,881.88241747
20230918 000000,26527.50000000,27483.57000000,26122.08000000,26248.38000000,26138.09600000,27463.75700000,27861.05450000,49.56760090,183.11861353,742.12965668,26138.09600000,27463.75700000,27861.05450000,49.56760090,183.11861353,742.12965668
20230925 000000,26248.39000000,28065.51000000,25990.46000000,27992.57000000,26516.25600000,27254.63900000,27914.80200000,34.96123550,233.98200653,640.50012665,26516.25600000,27254.63900000,27914.80200000,34.96123550,233.98200653,640.50012665
20231002 000000,27992.58000000,28580.00000000,27160.50000000,27917.05000000,26905.42400000,27118.23500000,27973.26550000,33.40222486,265.14139413,565.42838015,26905.42400000,27118.23500000,27973.26550000,33.40222486,265.14139413,565.42838015
20231009 000000,27917.06000000,27987.93000000,26538.66000000,27154.15000000,27167.93200000,26924.80800000,27927.72300000,32.18892104,225.67434574,497.47757327,27167.93200000,26924.80800000,27927.72300000,32.18892104,225.67434574,497.47757327
20231016 000000,27154.14000000,30379.99000000,27112.66000000,29992.46000000,27860.92200000,26993.67000000,28071.58550000,48.93135377,418.59897340,481.70185329,27860.92200000,26993.67000000,28071.58550000,48.93135377,418.59897340,481.70185329
20231023 000000,29992.46000000,35280.00000000,29883.60000000,34525.89000000,29516.42400000,27827.26000000,28501.60250000,64.24460441,926.62152814,570.68578826,29516.42400000,27827.26000000,28501.60250000,64.24460441,926.62152814,570.68578826
20231030 000000,34525.88000000,35984.99000000,34025.00000000,35011.88000000,30920.28600000,28718.27100000,28935.19800000,68.75787608,1352.85354079,727.11933877,30920.28600000,28718.27100000,28935.19800000,68.75787608,1352.85354079,727.11933877
20231106 000000,35011.89000000,37972.24000000,34523.06000000,37064.13000000,32749.70200000,29827.56300000,29265.27150000,73.27278765,1835.09111719,948.71369445,32749.70200000,29827.56300000,29265.27150000,73.27278765,1835.09111719,948.71369445
20231113 000000,37064.13000000,37980.00000000,34800.00000000,37359.86000000,34790.84400000,30979.38800000,29602.41300000,73.39746904,2215.59085805,1202.08912717,34790.84400000,30979.38800000,29602.41300000,73.39746904,2215.59085805,1202.08912717
20231120 000000,37359.85000000,38414.00000000,35632.01000000,37447.43000000,36281.83800000,32071.38000000,29966.74900000,89.66876449,2495.43993299,1460.75928833,36281.83800000,32071.38000000,29966.74900000,89.66876449,2495.43993299,1460.75928833
20231127 000000,37447.42000000,40250.00000000,36707.00000000,39972.26000000,37371.11200000,33443.76800000,30453.76250000,91.71347613,2887.66778448,1746.14098756,37371.11200000,33443.76800000,30453.76250000,91.71347613,2887.66778448,1746.14098756
20231204 000000,39972.26000000,44700.00000000,39972.26000000,43789.51000000,39126.63800000,35023.46200000,31139.05050000,93.86021484,3466.57088427,2090.22696691,39126.63800000,35023.46200000,31139.05050000,93.86021484,3466.57088427,2090.22696691
20231211 000000,43789.50000000,43804.50000000,40222.00000000,41374.65000000,39988.74200000,36369.22200000,31743.72850000,84.36838710,3687.98395807,2409.77836514,39988.74200000,36369.22200000,31743.72850000,84.36838710,3687.98395807,2409.77836514
20231218 000000,41374.64000000,44398.26000000,40542.93000000,42991.50000000,41115.07000000,37952.95700000,32438.88250000,84.98687354,3948.40691950,2717.50407601,41115.07000000,37952.95700000,32438.88250000,84.98687354,3948.40691950,2717.50407601
20231225 000000,42991.50000000,43802.32000000,41300.00000000,42283.58000000,42082.30000000,39182.06900000,33087.86950000,83.46578956,4050.97366228,2984.19799326,42082.30000000,39182.06900000,33087.86950000,83.46578956,4050.97366228,2984.19799326
20240101 000000,42283.58000000,45879.63000000,40750.00000000,43929.02000000,42873.65200000,40122.38200000,33974.82100000,83.39735570,4216.42745036,3230.64388468,42873.65200000,40122.38200000,33974.82100000,83.39735570,4216.42745036,3230.64388468
20240108 000000,43929.01000000,48969.48000000,41500.00000000,41732.35000000,42462.22000000,40794.42900000,34756.35000000,76.58833718,4122.77309685,3409.06972712,42462.22000000,40794.42900000,34756.35000000,76.58833718,4122.77309685,3409.06972712
20240115 000000,41732.35000000,43578.01000000,40280.00000000,41580.33000000,42503.35600000,41246.04900000,35536.80600000,78.43255895,3990.28705811,3525.31319332,42503.35600000,41246.04900000,35536.80600000,78.43255895,3990.28705811,3525.31319332
20240122 000000,41580.32000000,42842.68000000,38555.00000000,42031.06000000,42311.26800000,41713.16900000,36346.27850000,76.19189141,3876.96976782,3595.64450822,42311.26800000,41713.16900000,36346.27850000,76.19189141,3876.96976782,3595.64450822
20240129 000000,42031.05000000,43882.36000000,41804.88000000,42582.88000000,42371.12800000,42226.71400000,37149.04700000,71.20268338,3788.02625244,3634.12085706,42371.12800000,42226.71400000,37149.04700000,71.20268338,3788.02625244,3634.12085706
20240205 000000,42582.88000000,48592.66000000,42258.10000000,48299.99000000,43245.32200000,43059.48700000,38251.62750000,77.41959180,4131.23852669,3733.54439099,43245.32200000,43059.48700000,38251.62750000,77.41959180,4131.23852669,3733.54439099
20240212 000000,48300.00000000,52816.62000000,47710.01000000,52137.67000000,45326.38600000,43894.30300000,39458.88250000,78.96921490,4659.19710592,3918.67493398,45326.38600000,43894.30300000,39458.88250000,78.96921490,4659.19710592,3918.67493398
20240219 000000,52137.68000000,52985.00000000,50521.00000000,51728.85000000,47356.09000000,44929.72300000,40649.47250000,77.49564956,4987.13118246,4132.36618367,47356.09000000,44929.72300000,40649.47250000,77.49564956,4987.13118246,4132.36618367
20240226 000000,51728.85000000,64000.00000000,50901.44000000,63113.97000000,51572.67200000,46941.97000000,42447.46350000,84.28869226,6095.44088708,4524.98112435,51572.67200000,46941.97000000,42447.46350000,84.28869226,6095.44088708,4524.98112435
20240304 000000,63113.97000000,69990.00000000,59005.00000000,68955.88000000,56847.27200000,49609.20000000,44395.63450000,85.56778634,7360.33229796,5092.05135908,56847.27200000,49609.20000000,44395.63450000,85.56778634,7360.33229796,5092.05135908
20240311 000000,68955.88000000,73777.00000000,64533.00000000,68393.48000000,60865.97000000,52055.64600000,46089.01400000,82.81461268,8222.60183870,5718.16145500,60865.97000000,52055.64600000,46089.01400000,82.81461268,8222.60183870,5718.16145500
20240318 000000,68393.47000000,68956.00000000,60775.00000000,67209.99000000,63880.43400000,54603.41000000,47698.91950000,85.62710885,8710.05481976,6316.54012795,63880.43400000,54603.41000000,47698.91950000,85.62710885,8710.05481976,6316.54012795
20240325 000000,67210.00000000,71769.54000000,66385.06000000,71280.01000000,67790.66600000,57573.37800000,49409.71350000,86.53793545,9317.37650212,6916.70740279,67790.66600000,57573.37800000,49409.71350000,86.53793545,9317.37650212,6916.70740279
20240401 000000,71280.00000000,71288.23000000,64493.07000000,69360.39000000,69039.95000000,60306.31100000,51009.74000000,83.91141915,9533.88532447,7440.14298712,69039.95000000,60306.31100000,51009.74000000,83.91141915,9533.88532447,7440.14298712
20240408 000000,69360.38000000,72797.99000000,60660.57000000,65661.84000000,68381.14200000,62614.20700000,52420.46050000,75.88722211,9299.82545223,7812.07948014,68381.14200000,62614.20700000,52420.46050000,75.88722211,9299.82545223,7812.07948014
20240415 000000,65661.85000000,66867.07000000,59600.01000000,64941.15000000,67690.67600000,64278.32300000,53668.90500000,78.65285366,8952.97335345,8040.25825481,67690.67600000,64278.32300000,53668.90500000,78.65285366,8952.97335345,8040.25825481
20240422 000000,64941.15000000,67232.35000000,62391.24000000,63118.62000000,66872.40200000,65376.41800000,54635.36050000,75.53715880,8433.80793869,8118.96819158,66872.40200000,65376.41800000,54635.36050000,75.53715880,8433.80793869,8118.96819158
20240429 000000,63118.62000000,64734.00000000,56552.82000000,64012.00000000,65418.80000000,66604.73300000,55767.22800000,75.79127002,8002.20941786,8095.61643684,65418.80000000,66604.73300000,55767.22800000,75.79127002,8002.20941786,8095.61643684
20240506 000000,64012.00000000,65500.00000000,60187.12000000,61483.99000000,63843.52000000,66441.73500000,56691.85250000,71.19465576,7371.20454350,7950.73405817,63843.52000000,66441.73500000,56691.85250000,71.19465576,7371.20454350,7950.73405817
20240513 000000,61484.00000000,67700.00000000,60749.21000000,66274.01000000,63965.95400000,66173.54800000,57891.37400000,70.58302552,7174.93503175,7795.57425289,63965.95400000,66173.54800000,57891.37400000,70.58302552,7174.93503175,7795.57425289
20240520 000000,66274.00000000,71979.00000000,66060.31000000,68507.67000000,64679.25800000,66184.96700000,59120.30650000,69.46111842,7117.58068458,7659.97553923,64679.25800000,66184.96700000,59120.30650000,69.46111842,7117.58068458,7659.97553923
20240527 000000,68507.67000000,70687.56000000,66670.00000000,67765.63000000,65608.66000000,66240.53100000,60421.97050000,68.91511588,6932.33883783,7514.44819895,65608.66000000,66240.53100000,60421.97050000,68.91511588,6932.33883783,7514.44819895
20240603 000000,67765.62000000,71997.02000000,67612.48000000,69648.14000000,66735.88800000,66077.34400000,61825.36100000,59.93372218,6858.37706230,7383.23397162,66735.88800000,66077.34400000,61825.36100000,59.93372218,6858.37706230,7383.23397162
20240610 000000,69648.15000000,70195.94000000,65078.00000000,66676.87000000,67774.46400000,65808.99200000,63057.65150000,46.20395167,6485.24727165,7203.63663162,67774.46400000,65808.99200000,63057.65150000,46.20395167,6485.24727165,7203.63663162
20240617 000000,66676.86000000,67298.81000000,63178.32000000,63210.01000000,67161.66400000,65563.80900000,64089.00800000,42.12780563,5842.44453229,6931.39821176,67161.66400000,65563.80900000,64089.00800000,42.12780563,5842.44453229,6931.39821176
20240624 000000,63210.01000000,63369.80000000,58402.00000000,62772.01000000,66014.53200000,65346.89500000,64812.60900000,43.10383514,5237.30341704,6592.57925282,66014.53200000,65346.89500000,64812.60900000,43.10383514,5237.30341704,6592.57925282
20240701 000000,62772.01000000,63861.76000000,53485.93000000,55857.81000000,63632.96800000,64620.81400000,64998.61600000,27.98171058,4151.94552427,6104.45250711,63632.96800000,64620.81400000,64998.61600000,27.98171058,4151.94552427,6104.45250711
20240708 000000,55857.81000000,61420.69000000,54260.16000000,60797.91000000,61862.92200000,64299.40500000,65452.06900000,38.74596431,3648.36033165,5613.23407202,61862.92200000,64299.40500000,65452.06900000,38.74596431,3648.36033165,5613.23407202
20240715 000000,60797.91000000,68366.66000000,60632.30000000,68165.34000000,62160.61600000,64967.54000000,65704.63750000,53.00102851,3799.95198608,5250.57765483,62160.61600000,64967.54000000,65704.63750000,53.00102851,3799.95198608,5250.57765483
20240722 000000,68165.35000000,69399.99000000,63456.70000000,68249.88000000,63168.59000000,65165.12700000,65669.33750000,54.02771302,3882.16001179,4976.89412622,63168.59000000,65165.12700000,65669.33750000,54.02771302,3882.16001179,4976.89412622
20240729 000000,68249.88000000,70079.99000000,57122.77000000,58161.00000000,62246.38800000,64130.46000000,65157.71350000,44.97615568,3097.51592923,4601.01848682,62246.38800000,64130.46000000,65157.71350000,44.97615568,3097.51592923,4601.01848682
20240805 000000,58161.00000000,62745.14000000,49000.00000000,58712.59000000,62817.34400000,63225.15600000,64732.84350000,44.59234055,2491.46844655,4179.10847877,62817.34400000,63225.15600000,64732.84350000,44.59234055,2491.46844655,4179.10847877
20240812 000000,58712.59000000,61800.00000000,56078.54000000,58427.35000000,62343.23200000,62103.07700000,64090.21050000,46.73130959,1965.49792939,3736.38636889,62343.23200000,62103.07700000,64090.21050000,46.73130959,1965.49792939,3736.38636889
20240819 000000,58427.35000000,65000.00000000,57787.30000000,64220.00000000,61554.16400000,61857.39000000,63833.19100000,47.84960815,1993.10566746,3387.73022861,61554.16400000,61857.39000000,63833.19100000,47.84960815,1993.10566746,3387.73022861
20240826 000000,64219.99000000,64481.00000000,57201.00000000,57301.86000000,59364.56000000,61266.57500000,63415.19200000,39.31629212,1440.14779082,2998.21374105,59364.56000000,61266.57500000,63415.19200000,39.31629212,1440.14779082,2998.21374105
20240902 000000,57301.77000000,59809.65000000,52550.00000000,54869.95000000,58706.35000000,60476.36900000,62911.63200000,38.08896258,796.50822604,2557.87263805,58706.35000000,60476.36900000,62911.63200000,38.08896258,796.50822604,2557.87263805
20240909 000000,54869.95000000,60625.00000000,54591.96000000,59132.00000000,58790.23200000,60803.78800000,62712.30100000,40.69579915,623.14778952,2170.92766834,58790.23200000,60803.78800000,62712.30100000,40.69579915,623.14778952,2170.92766834
20240916 000000,59132.00000000,64133.32000000,57493.30000000,63578.76000000,59820.51400000,61081.87300000,62690.63900000,47.32867895,834.94997983,1903.73213064,59820.51400000,61081.87300000,62690.63900000,47.32867895,834.94997983,1903.73213064
20240923 000000,63578.76000000,66498.00000000,62538.75000000,65602.01000000,60096.91600000,60825.54000000,62896.54000000,52.11513927,1152.77562774,1753.54083006,60096.91600000,60825.54000000,62896.54000000,52.11513927,1152.77562774,1753.54083006
20240930 000000,65602.01000000,65618.80000000,59828.11000000,62819.91000000,61200.52600000,60282.54300000,62723.83500000,50.04066985,1166.71337891,1636.17533983,61200.52600000,60282.54300000,62723.83500000,50.04066985,1166.71337891,1636.17533983
20241007 000000,62819.91000000,64478.19000000,58946.00000000,62870.02000000,62800.54000000,60753.44500000,62441.95250000,56.73930197,1168.33476939,1542.60722574,62800.54000000,60753.44500000,62441.95250000,56.73930197,1168.33476939,1542.60722574
20241014 000000,62870.02000000,69400.00000000,62457.81000000,69031.99000000,64780.53800000,61785.38500000,62505.27050000,57.73202130,1647.84389562,1563.65455972,64780.53800000,61785.38500000,62505.27050000,57.73202130,1647.84389562,1563.65455972
20241021 000000,69032.00000000,69519.52000000,65260.00000000,68021.70000000,65669.12600000,62744.82000000,62423.94850000,49.84683131,1924.15590168,1635.75482811,65669.12600000,62744.82000000,62423.94850000,49.84683131,1924.15590168,1635.75482811
20241028 000000,68021.69000000,73620.12000000,67478.73000000,68775.99000000,66303.92200000,63200.41900000,62528.90450000,50.55311030,2178.88324659,1744.38051181,66303.92200000,63200.41900000,62528.90450000,50.55311030,2178.88324659,1744.38051181
20241104 000000,68775.99000000,81500.00000000,66835.00000000,80370.01000000,69813.94200000,65507.23400000,63386.90450000,72.63252336,3278.50446272,2051.20530199,69813.94200000,65507.23400000,63386.90450000,72.63252336,3278.50446272,2051.20530199
20241111 000000,80370.01000000,93265.64000000,80216.01000000,89855.99000000,75211.13600000,69005.83800000,64741.10350000,76.84833262,4859.38553561,2612.84134871,75211.13600000,69005.83800000,64741.10350000,76.84833262,4859.38553561,2612.84134871
20241118 000000,89855.98000000,99588.01000000,89376.90000000,97900.04000000,80984.74600000,72882.64200000,66843.21500000,80.01379917,6684.28055813,3427.12919059,80984.74600000,72882.64200000,66843.21500000,80.01379917,6684.28055813,3427.12919059
20241125 000000,97900.05000000,98871.80000000,90791.10000000,97185.18000000,86817.44200000,76243.28400000,68662.57850000,77.16323296,7980.84160929,4337.87167433,86817.44200000,76243.28400000,68662.57850000,77.16323296,7980.84160929,4337.87167433
20241202 000000,97185.17000000,104088.00000000,90500.00000000,101109.59000000,93284.16200000,79794.04200000,70309.79100000,87.97081790,9218.77438033,5314.05221553,93284.16200000,79794.04200000,70309.79100000,87.97081790,9218.77438033,5314.05221553
20241209 000000,101109.60000000,105250.00000000,94150.05000000,104463.99000000,98102.95800000,83958.45000000,72120.49650000,92.30956785,10351.19493450,6321.48075933,98102.95800000,83958.45000000,72120.49650000,92.30956785,10351.19493450,6321.48075933
20241216 000000,104463.99000000,108353.00000000,92232.54000000,95186.27000000,99169.01400000,87190.07500000,73971.76000000,78.33376634,10380.35366002,7133.25533946,99169.01400000,87190.07500000,73971.76000000,78.33376634,10380.35366002,7133.25533946
20241223 000000,95186.28000000,99963.70000000,92520.00000000,93738.20000000,98336.64600000,89660.69600000,75723.04050000,74.87355160,10169.38863119,7740.48199781,98336.64600000,89660.69600000,75723.04050000,74.87355160,10169.38863119,7740.48199781
20241230 000000,93738.19000000,98976.91000000,91530.45000000,98363.61000000,98572.33200000,92694.88700000,77719.85350000,75.90764045,10257.19074670,8243.82374759,98572.33200000,92694.88700000,77719.85350000,75.90764045,10257.19074670,8243.82374759
20250106 000000,98363.61000000,102724.38000000,91203.67000000,94545.06000000,97259.42600000,95271.79400000,79236.10650000,74.68340426,9904.47684009,8575.95436609,97259.42600000,95271.79400000,79236.10650000,74.68340426,9904.47684009,8575.95436609
20250113 000000,94545.07000000,106422.43000000,89256.69000000,101331.57000000,96632.94200000,97367.95000000,81437.59200000,77.08539640,10056.63652192,8872.09079725,96632.94200000,97367.95000000,81437.59200000,77.08539640,10056.63652192,8872.09079725
20250120 000000,101331.57000000,109588.00000000,99550.00000000,102620.00000000,98119.68800000,98644.35100000,83825.09450000,75.39659676,10164.02514418,9130.47766664,98119.68800000,98644.35100000,83825.09450000,75.39659676,10164.02514418,9130.47766664
20250127 000000,102620.01000000,106457.44000000,96150.00000000,97700.59000000,98912.16600000,98624.40600000,85753.52400000,71.18827702,9739.90061582,9252.36225648,98912.16600000,98624.40600000,85753.52400000,71.18827702,9739.90061582,9252.36225648
20250203 000000,97700.59000000,102500.01000000,91231.00000000,96462.75000000,98531.99400000,98552.16300000,87397.72350000,69.63052573,9197.86822904,9241.46345099,98531.99400000,98552.16300000,87397.72350000,69.63052573,9197.86822904,9241.46345099
20250210 000000,96462.75000000,98826.00000000,94088.23000000,96118.12000000,98846.60600000,98053.01600000,88923.52900000,63.28499938,8640.88811712,9121.34838422,98846.60600000,98053.01600000,88923.52900000,63.28499938,8640.88811712,9121.34838422
20250217 000000,96118.12000000,99475.00000000,93388.09000000,96258.00000000,97831.89200000,97232.41700000,90595.43350000,56.41173404,8117.19454662,8920.51761670,97831.89200000,97232.41700000,90595.43350000,56.41173404,8117.19454662,8920.51761670
20250224 000000,96258.00000000,96500.00000000,78258.52000000,94270.00000000,96161.89200000,97140.79000000,92165.43250000,45.86255349,7455.80278003,8627.57464936,96161.89200000,97140.79000000,92165.43250000,45.86255349,7455.80278003,8627.57464936
20250303 000000,94269.99000000,94416.46000000,80000.00000000,80734.37000000,92768.64800000,95840.40700000,92750.55150000,35.49026979,5772.88657794,8056.63703508,92768.64800000,95840.40700000,92750.55150000,35.49026979,5772.88657794,8056.63703508
20250310 000000,80734.48000000,85309.71000000,76606.00000000,82574.53000000,89991.00400000,94261.49900000,93478.19300000,33.02794415,4535.36799707,7352.38322748,89991.00400000,94261.49900000,93478.19300000,33.02794415,4535.36799707,7352.38322748
20250317 000000,82574.52000000,87453.67000000,81134.66000000,86082.50000000,87983.88000000,93415.24300000,94343.51850000,33.21576801,3793.95511466,6640.69760491,87983.88000000,93415.24300000,94343.51850000,33.21576801,3793.95511466,6640.69760491
20250324 000000,86082.50000000,88765.43000000,81565.00000000,82389.99000000,85210.27800000,91521.08500000,94444.51750000,36.98850995,2875.28091772,5887.61426748,85210.27800000,91521.08500000,94444.51750000,36.98850995,2875.28091772,5887.61426748
20250331 000000,82390.00000000,88500.00000000,77153.83000000,78430.00000000,82042.27800000,89102.08500000,93873.21800000,35.19084483,1806.85855924,5071.46312583,82042.27800000,89102.08500000,93873.21800000,35.19084483,1806.85855924,5071.46312583
20250407 000000,78430.00000000,81243.58000000,74508.00000000,77434.79000000,81382.36200000,87075.50500000,92849.95550000,28.22397051,869.79456261,4231.12941318,81382.36200000,87075.50500000,92849.95550000,28.22397051,869.79456261,4231.12941318
